<?xml version="1.0"?>
<!DOCTYPE resource-action-mapping PUBLIC "-//Liferay//DTD Resource Action Mapping 6.1.0//EN" "http://www.liferay.com/dtd/liferay-resource-action-mapping_6_1_0.dtd">

<resource-action-mapping>
	<resource file="resource-actions/portal.xml" />
	<resource file="resource-actions/asset.xml" />
	<resource file="resource-actions/cms.xml" />
	<resource file="resource-actions/documentlibrary.xml" />
	<resource file="resource-actions/dynamicdatalists.xml" />
	<resource file="resource-actions/dynamicdatamapping.xml" />
	<resource file="resource-actions/expando.xml" />
	<resource file="resource-actions/journal.xml" />
	<resource file="resource-actions/login.xml" />
	<resource file="resource-actions/mobiledevicerules.xml" />
	<resource file="resource-actions/polls.xml" />
	<resource file="resource-actions/sites.xml" />
	<resource file="resource-actions/workflow.xml" />
	<resource file="resource-actions/xslcontent.xml" />
</resource-action-mapping>