<?xml version="1.0"?>
<!DOCTYPE resource-action-mapping PUBLIC "-//Liferay//DTD Resource Action Mapping 6.1.0//EN" "http://www.liferay.com/dtd/liferay-resource-action-mapping_6_1_0.dtd">

<resource-action-mapping>
	<portlet-resource>
		<portlet-name>15</portlet-name>
		<permissions>
			<supports>
				<action-key>ACCESS_IN_CONTROL_PANEL</action-key>
				<action-key>ADD_TO_PAGE</action-key>
				<action-key>CONFIGURATION</action-key>
				<action-key>VIEW</action-key>
			</supports>
			<site-member-defaults>
				<action-key>VIEW</action-key>
			</site-member-defaults>
			<guest-defaults>
				<action-key>VIEW</action-key>
			</guest-defaults>
			<guest-unsupported>
				<action-key>ACCESS_IN_CONTROL_PANEL</action-key>
				<action-key>CONFIGURATION</action-key>
			</guest-unsupported>
		</permissions>
	</portlet-resource>
	<portlet-resource>
		<portlet-name>56</portlet-name>
		<permissions>
			<supports>
				<action-key>ADD_TO_PAGE</action-key>
				<action-key>CONFIGURATION</action-key>
				<action-key>VIEW</action-key>
			</supports>
			<site-member-defaults>
				<action-key>VIEW</action-key>
			</site-member-defaults>
			<guest-defaults>
				<action-key>VIEW</action-key>
			</guest-defaults>
			<guest-unsupported>
				<action-key>CONFIGURATION</action-key>
			</guest-unsupported>
		</permissions>
	</portlet-resource>
	<model-resource>
		<model-name>com.liferay.portlet.journal</model-name>
		<portlet-ref>
			<portlet-name>15</portlet-name>
		</portlet-ref>
		<permissions>
			<supports>
				<action-key>ADD_ARTICLE</action-key>
				<action-key>ADD_FEED</action-key>
				<action-key>ADD_STRUCTURE</action-key>
				<action-key>ADD_TEMPLATE</action-key>
				<action-key>SUBSCRIBE</action-key>
				<action-key>VIEW_FULL</action-key>
			</supports>
			<site-member-defaults />
			<guest-defaults />
			<guest-unsupported>
				<action-key>ADD_ARTICLE</action-key>
				<action-key>ADD_FEED</action-key>
				<action-key>ADD_STRUCTURE</action-key>
				<action-key>ADD_TEMPLATE</action-key>
				<action-key>SUBSCRIBE</action-key>
			</guest-unsupported>
		</permissions>
	</model-resource>
	<model-resource>
		<model-name>com.liferay.portlet.journal.model.JournalArticle</model-name>
		<portlet-ref>
			<portlet-name>15</portlet-name>
		</portlet-ref>
		<permissions>
			<supports>
				<action-key>ADD_DISCUSSION</action-key>
				<action-key>DELETE</action-key>
				<action-key>DELETE_DISCUSSION</action-key>
				<action-key>EXPIRE</action-key>
				<action-key>PERMISSIONS</action-key>
				<action-key>UPDATE</action-key>
				<action-key>UPDATE_DISCUSSION</action-key>
				<action-key>VIEW</action-key>
			</supports>
			<site-member-defaults>
				<action-key>ADD_DISCUSSION</action-key>
				<action-key>VIEW</action-key>
			</site-member-defaults>
			<guest-defaults>
				<action-key>ADD_DISCUSSION</action-key>
				<action-key>VIEW</action-key>
			</guest-defaults>
			<guest-unsupported>
				<action-key>DELETE_DISCUSSION</action-key>
				<action-key>EXPIRE</action-key>
				<action-key>UPDATE</action-key>
				<action-key>UPDATE_DISCUSSION</action-key>
			</guest-unsupported>
		</permissions>
	</model-resource>
	<model-resource>
		<model-name>com.liferay.portlet.journal.model.JournalFeed</model-name>
		<portlet-ref>
			<portlet-name>15</portlet-name>
		</portlet-ref>
		<permissions>
			<supports>
				<action-key>DELETE</action-key>
				<action-key>PERMISSIONS</action-key>
				<action-key>UPDATE</action-key>
				<action-key>VIEW</action-key>
			</supports>
			<site-member-defaults>
				<action-key>VIEW</action-key>
			</site-member-defaults>
			<guest-defaults>
				<action-key>VIEW</action-key>
			</guest-defaults>
			<guest-unsupported>
				<action-key>UPDATE</action-key>
			</guest-unsupported>
		</permissions>
	</model-resource>
	<model-resource>
		<model-name>com.liferay.portlet.journal.model.JournalStructure</model-name>
		<portlet-ref>
			<portlet-name>15</portlet-name>
		</portlet-ref>
		<permissions>
			<supports>
				<action-key>DELETE</action-key>
				<action-key>PERMISSIONS</action-key>
				<action-key>UPDATE</action-key>
				<action-key>VIEW</action-key>
			</supports>
			<site-member-defaults>
				<action-key>VIEW</action-key>
			</site-member-defaults>
			<guest-defaults>
				<action-key>VIEW</action-key>
			</guest-defaults>
			<guest-unsupported>
				<action-key>UPDATE</action-key>
			</guest-unsupported>
		</permissions>
	</model-resource>
	<model-resource>
		<model-name>com.liferay.portlet.journal.model.JournalTemplate</model-name>
		<portlet-ref>
			<portlet-name>15</portlet-name>
		</portlet-ref>
		<permissions>
			<supports>
				<action-key>DELETE</action-key>
				<action-key>PERMISSIONS</action-key>
				<action-key>UPDATE</action-key>
				<action-key>VIEW</action-key>
			</supports>
			<site-member-defaults>
				<action-key>VIEW</action-key>
			</site-member-defaults>
			<guest-defaults>
				<action-key>VIEW</action-key>
			</guest-defaults>
			<guest-unsupported>
				<action-key>UPDATE</action-key>
			</guest-unsupported>
		</permissions>
	</model-resource>
</resource-action-mapping>