<?xml version="1.0"?>
<!DOCTYPE liferay-portlet-app PUBLIC "-//Liferay//DTD Portlet Application 6.1.0//EN" "http://www.liferay.com/dtd/liferay-portlet-app_6_1_0.dtd">

<liferay-portlet-app>
	<portlet>
		<portlet-name>2</portlet-name>
		<icon>/html/icons/my_account.png</icon>
		<struts-path>my_account</struts-path>
		<portlet-url-class>com.liferay.portal.struts.StrutsActionPortletURL</portlet-url-class>
		<control-panel-entry-category>my</control-panel-entry-category>
		<control-panel-entry-weight>1.0</control-panel-entry-weight>
		<control-panel-entry-class>com.liferay.portlet.myaccount.MyAccountControlPanelEntry</control-panel-entry-class>
		<preferences-owned-by-group>true</preferences-owned-by-group>
		<use-default-template>false</use-default-template>
		<private-request-attributes>false</private-request-attributes>
		<private-session-attributes>false</private-session-attributes>
		<render-weight>50</render-weight>
		<header-portlet-css>/html/portlet/users_admin/css/main.css</header-portlet-css>
		<footer-portlet-javascript>/html/portlet/users_admin/js/main.js</footer-portlet-javascript>
		<css-class-wrapper>portlet-users-admin</css-class-wrapper>
		<add-default-resource>true</add-default-resource>
		<system>true</system>
	</portlet>
	<portlet>
		<portlet-name>3</portlet-name>
		<icon>/html/icons/search.png</icon>
		<struts-path>search</struts-path>
		<configuration-action-class>com.liferay.portal.kernel.portlet.DefaultConfigurationAction</configuration-action-class>
		<!--<open-search-class>com.liferay.portal.search.PortalOpenSearchImpl</open-search-class>-->
		<preferences-owned-by-group>true</preferences-owned-by-group>
		<use-default-template>false</use-default-template>
		<restore-current-view>false</restore-current-view>
		<private-request-attributes>false</private-request-attributes>
		<private-session-attributes>false</private-session-attributes>
		<header-portlet-css>/html/portlet/search/css/main.css</header-portlet-css>
		<css-class-wrapper>portlet-search</css-class-wrapper>
		<add-default-resource>true</add-default-resource>
	</portlet>
	<portlet>
		<portlet-name>9</portlet-name>
		<icon>/html/icons/default.png</icon>
		<struts-path>admin</struts-path>
		<scheduler-entry>
			<scheduler-event-listener-class>com.liferay.portlet.admin.messaging.PluginRepositoriesMessageListener</scheduler-event-listener-class>
			<trigger>
				<simple>
					<simple-trigger-value>1</simple-trigger-value>
					<time-unit>day</time-unit>
				</simple>
			</trigger>
		</scheduler-entry>
		<scheduler-entry>
			<scheduler-event-listener-class>com.liferay.portlet.admin.messaging.LDAPImportMessageListener</scheduler-event-listener-class>
			<trigger>
				<simple>
					<property-key>ldap.import.interval</property-key>
					<time-unit>minute</time-unit>
				</simple>
			</trigger>
		</scheduler-entry>
		<portlet-url-class>com.liferay.portal.struts.StrutsActionPortletURL</portlet-url-class>
		<preferences-owned-by-group>true</preferences-owned-by-group>
		<use-default-template>false</use-default-template>
		<private-request-attributes>false</private-request-attributes>
		<private-session-attributes>false</private-session-attributes>
		<render-weight>50</render-weight>
		<css-class-wrapper>portlet-admin</css-class-wrapper>
	</portlet>	
	<portlet>
		<portlet-name>11</portlet-name>
		<icon>/html/icons/directory.png</icon>
		<struts-path>directory</struts-path>
		<open-search-class>com.liferay.portlet.directory.util.DirectoryOpenSearchImpl</open-search-class>
		<portlet-url-class>com.liferay.portal.struts.StrutsActionPortletURL</portlet-url-class>
		<asset-renderer-factory>com.liferay.portlet.directory.asset.UserAssetRendererFactory</asset-renderer-factory>
		<workflow-handler>com.liferay.portlet.directory.workflow.UserWorkflowHandler</workflow-handler>
		<preferences-owned-by-group>true</preferences-owned-by-group>
		<use-default-template>false</use-default-template>
		<private-request-attributes>false</private-request-attributes>
		<private-session-attributes>false</private-session-attributes>
		<render-weight>50</render-weight>
		<header-portlet-css>/html/portlet/directory/css/main.css</header-portlet-css>
		<css-class-wrapper>portlet-directory</css-class-wrapper>
	</portlet>
	<portlet>
		<portlet-name>15</portlet-name>
		<icon>/html/icons/journal.png</icon>
		<struts-path>journal</struts-path>
		<configuration-action-class>com.liferay.portlet.journal.action.ConfigurationActionImpl</configuration-action-class>
		<indexer-class>com.liferay.portlet.journal.util.JournalIndexer</indexer-class>
		<open-search-class>com.liferay.portlet.journal.util.JournalOpenSearchImpl</open-search-class>
		<scheduler-entry>
			<scheduler-event-listener-class>com.liferay.portlet.journal.messaging.CheckArticleMessageListener</scheduler-event-listener-class>
			<trigger>
				<simple>
					<property-key>journal.article.check.interval</property-key>
					<time-unit>minute</time-unit>
				</simple>
			</trigger>
		</scheduler-entry>
		<friendly-url-mapper-class>com.liferay.portal.kernel.portlet.DefaultFriendlyURLMapper</friendly-url-mapper-class>
		<friendly-url-mapping>journal</friendly-url-mapping>
		<friendly-url-routes>com/liferay/portlet/journal/journal-friendly-url-routes.xml</friendly-url-routes>
		<portlet-data-handler-class>com.liferay.portlet.journal.lar.JournalPortletDataHandlerImpl</portlet-data-handler-class>
		<webdav-storage-token>journal</webdav-storage-token>
		<webdav-storage-class>com.liferay.portlet.journal.webdav.JournalWebDAVStorageImpl</webdav-storage-class>
		<control-panel-entry-category>content</control-panel-entry-category>
		<control-panel-entry-weight>1.0</control-panel-entry-weight>
		<asset-renderer-factory>com.liferay.portlet.journal.asset.JournalArticleAssetRendererFactory</asset-renderer-factory>
		<atom-collection-adapter>com.liferay.portlet.journal.atom.JournalArticleAtomCollectionProvider</atom-collection-adapter>
		<workflow-handler>com.liferay.portlet.journal.workflow.JournalArticleWorkflowHandler</workflow-handler>
		<preferences-unique-per-layout>false</preferences-unique-per-layout>
		<preferences-owned-by-group>true</preferences-owned-by-group>
		<use-default-template>false</use-default-template>
		<scopeable>true</scopeable>
		<private-request-attributes>false</private-request-attributes>
		<private-session-attributes>false</private-session-attributes>
		<render-weight>50</render-weight>
		<header-portlet-css>/html/portlet/journal/css/main.css</header-portlet-css>
		<header-portlet-javascript>/html/portlet/journal/js/main.js</header-portlet-javascript>
		<css-class-wrapper>portlet-journal</css-class-wrapper>
		<add-default-resource>true</add-default-resource>
	</portlet>	
	<portlet>
		<portlet-name>20</portlet-name>
		<icon>/html/icons/document_library.png</icon>
		<struts-path>document_library</struts-path>
		<configuration-action-class>com.liferay.portlet.documentlibrary.action.ConfigurationActionImpl</configuration-action-class>
		<indexer-class>com.liferay.portlet.documentlibrary.util.DLIndexer</indexer-class>
		<open-search-class>com.liferay.portlet.documentlibrary.util.DLOpenSearchImpl</open-search-class>
		<portlet-url-class>com.liferay.portal.struts.StrutsActionPortletURL</portlet-url-class>
		<portlet-data-handler-class>com.liferay.portlet.documentlibrary.lar.DLPortletDataHandlerImpl</portlet-data-handler-class>
		<webdav-storage-token>document_library</webdav-storage-token>
		<webdav-storage-class>com.liferay.portlet.documentlibrary.webdav.DLWebDAVStorageImpl</webdav-storage-class>
		<control-panel-entry-category>content</control-panel-entry-category>
		<control-panel-entry-weight>12.0</control-panel-entry-weight>
		<asset-renderer-factory>com.liferay.portlet.documentlibrary.asset.DLFileEntryAssetRendererFactory</asset-renderer-factory>
		<atom-collection-adapter>com.liferay.portlet.documentlibrary.atom.FileEntryAtomCollectionAdapter</atom-collection-adapter>
		<atom-collection-adapter>com.liferay.portlet.documentlibrary.atom.FolderAtomCollectionAdapter</atom-collection-adapter>
		<custom-attributes-display>com.liferay.portlet.documentlibrary.DLFileEntryCustomAttributesDisplay</custom-attributes-display>
		<custom-attributes-display>com.liferay.portlet.documentlibrary.DLFolderCustomAttributesDisplay</custom-attributes-display>
		<workflow-handler>com.liferay.portlet.documentlibrary.workflow.DLFileEntryWorkflowHandler</workflow-handler>
		<preferences-owned-by-group>true</preferences-owned-by-group>
		<use-default-template>false</use-default-template>
		<scopeable>true</scopeable>
		<private-request-attributes>false</private-request-attributes>
		<private-session-attributes>false</private-session-attributes>
		<render-weight>50</render-weight>
		<header-portlet-css>/html/portlet/document_library/css/main.css</header-portlet-css>
		<header-portlet-css>/html/portlet/dynamic_data_mapping/css/main.css</header-portlet-css>
		<footer-portal-javascript>/html/js/liferay/service.js</footer-portal-javascript>
		<footer-portlet-javascript>/html/portlet/dynamic_data_lists/js/main.js</footer-portlet-javascript>
		<footer-portlet-javascript>/html/portlet/dynamic_data_mapping/js/main.js</footer-portlet-javascript>
		<footer-portlet-javascript>/html/portlet/document_library/js/main.js</footer-portlet-javascript>
		<css-class-wrapper>portlet-document-library</css-class-wrapper>
		<add-default-resource>true</add-default-resource>
	</portlet>	
	<portlet>
		<portlet-name>25</portlet-name>
		<icon>/html/icons/polls.png</icon>
		<struts-path>polls</struts-path>
		<portlet-data-handler-class>com.liferay.portlet.polls.lar.PollsPortletDataHandlerImpl</portlet-data-handler-class>
		<control-panel-entry-category>content</control-panel-entry-category>
		<control-panel-entry-weight>18.0</control-panel-entry-weight>
		<preferences-unique-per-layout>false</preferences-unique-per-layout>
		<preferences-owned-by-group>true</preferences-owned-by-group>
		<use-default-template>false</use-default-template>
		<private-request-attributes>false</private-request-attributes>
		<private-session-attributes>false</private-session-attributes>
		<render-weight>50</render-weight>
		<header-portlet-css>/html/portlet/polls/css/main.css</header-portlet-css>
		<css-class-wrapper>portlet-polls</css-class-wrapper>
	</portlet>	
	<portlet>
		<portlet-name>29</portlet-name>
		<icon>/html/icons/communities.png</icon>
		<struts-path>my_sites</struts-path>
		<parent-struts-path>sites_admin</parent-struts-path>
		<portlet-url-class>com.liferay.portal.struts.StrutsActionPortletURL</portlet-url-class>
		<asset-renderer-factory>com.liferay.portal.asset.LayoutRevisionAssetRendererFactory</asset-renderer-factory>
		<workflow-handler>com.liferay.portal.workflow.LayoutRevisionWorkflowHandler</workflow-handler>
		<preferences-owned-by-group>true</preferences-owned-by-group>
		<use-default-template>false</use-default-template>
		<private-request-attributes>false</private-request-attributes>
		<private-session-attributes>false</private-session-attributes>
		<render-weight>50</render-weight>
		<header-portlet-css>/html/portlet/layouts_admin/css/main.css</header-portlet-css>
		<css-class-wrapper>portlet-communities</css-class-wrapper>
	</portlet>	
	<portlet>
		<portlet-name>31</portlet-name>
		<icon>/html/icons/image_gallery.png</icon>
		<struts-path>image_gallery_display</struts-path>
		<parent-struts-path>document_library</parent-struts-path>
		<configuration-action-class>com.liferay.portlet.documentlibrary.action.ConfigurationActionImpl</configuration-action-class>
		<portlet-url-class>com.liferay.portal.struts.StrutsActionPortletURL</portlet-url-class>
		<portlet-data-handler-class>com.liferay.portlet.documentlibrary.lar.DLDisplayPortletDataHandlerImpl</portlet-data-handler-class>
		<webdav-storage-token>document_library</webdav-storage-token>
		<webdav-storage-class>com.liferay.portlet.documentlibrary.webdav.DLWebDAVStorageImpl</webdav-storage-class>
		<preferences-owned-by-group>true</preferences-owned-by-group>
		<use-default-template>false</use-default-template>
		<scopeable>true</scopeable>
		<private-request-attributes>false</private-request-attributes>
		<private-session-attributes>false</private-session-attributes>
		<render-weight>50</render-weight>
		<header-portlet-css>/html/portlet/image_gallery_display/css/main.css</header-portlet-css>
		<css-class-wrapper>portlet-image-gallery-display</css-class-wrapper>
		<add-default-resource>true</add-default-resource>
	</portlet>
	<portlet>
		<portlet-name>49</portlet-name>
		<icon>/html/icons/default.png</icon>
		<parent-struts-path>my_sites</parent-struts-path>
		<preferences-owned-by-group>true</preferences-owned-by-group>
		<use-default-template>false</use-default-template>
		<show-portlet-access-denied>false</show-portlet-access-denied>
		<show-portlet-inactive>false</show-portlet-inactive>
		<private-request-attributes>false</private-request-attributes>
		<private-session-attributes>false</private-session-attributes>
		<render-weight>50</render-weight>
		<add-default-resource>true</add-default-resource>
		<system>true</system>
	</portlet>
	<portlet>
		<portlet-name>56</portlet-name>
		<icon>/html/icons/journal_content.png</icon>
		<struts-path>journal_content</struts-path>
		<configuration-action-class>com.liferay.portlet.journalcontent.action.ConfigurationActionImpl</configuration-action-class>
		<friendly-url-mapper-class>com.liferay.portal.kernel.portlet.DefaultFriendlyURLMapper</friendly-url-mapper-class>
		<friendly-url-mapping>journal_content</friendly-url-mapping>
		<friendly-url-routes>com/liferay/portlet/journalcontent/journal-content-friendly-url-routes.xml</friendly-url-routes>
		<portlet-data-handler-class>com.liferay.portlet.journal.lar.JournalContentPortletDataHandlerImpl</portlet-data-handler-class>
		<portlet-layout-listener-class>com.liferay.portlet.journalcontent.JournalContentPortletLayoutListener</portlet-layout-listener-class>
		<custom-attributes-display>com.liferay.portlet.journal.JournalArticleCustomAttributesDisplay</custom-attributes-display>
		<preferences-owned-by-group>true</preferences-owned-by-group>
		<use-default-template>false</use-default-template>
		<layout-cacheable>true</layout-cacheable>
		<instanceable>true</instanceable>
		<scopeable>true</scopeable>
		<private-request-attributes>false</private-request-attributes>
		<private-session-attributes>false</private-session-attributes>
		<render-weight>50</render-weight>
		<header-portlet-css>/html/portlet/journal_content/css/main.css</header-portlet-css>
		<css-class-wrapper>portlet-journal-content</css-class-wrapper>
		<add-default-resource>true</add-default-resource>
	</portlet>
	<portlet>
		<portlet-name>58</portlet-name>
		<icon>/html/icons/login.png</icon>
		<struts-path>login</struts-path>
		<configuration-action-class>com.liferay.portlet.login.action.ConfigurationActionImpl</configuration-action-class>
		<preferences-owned-by-group>true</preferences-owned-by-group>
		<use-default-template>false</use-default-template>
		<private-request-attributes>false</private-request-attributes>
		<private-session-attributes>false</private-session-attributes>
		<render-weight>50</render-weight>
		<header-portlet-css>/html/portlet/login/css/main.css</header-portlet-css>
		<css-class-wrapper>portlet-login</css-class-wrapper>
		<add-default-resource>true</add-default-resource>
	</portlet>
	<portlet>
		<portlet-name>59</portlet-name>
		<icon>/html/icons/polls_display.png</icon>
		<struts-path>polls_display</struts-path>
		<configuration-action-class>com.liferay.portal.kernel.portlet.DefaultConfigurationAction</configuration-action-class>
		<portlet-data-handler-class>com.liferay.portlet.polls.lar.PollsDisplayPortletDataHandlerImpl</portlet-data-handler-class>
		<preferences-owned-by-group>true</preferences-owned-by-group>
		<use-default-template>false</use-default-template>
		<instanceable>true</instanceable>
		<private-request-attributes>false</private-request-attributes>
		<private-session-attributes>false</private-session-attributes>
		<render-weight>50</render-weight>
		<css-class-wrapper>portlet-polls-display</css-class-wrapper>
	</portlet>	
	<portlet>
		<portlet-name>62</portlet-name>
		<icon>/html/icons/journal_articles.png</icon>
		<struts-path>journal_articles</struts-path>
		<configuration-action-class>com.liferay.portal.kernel.portlet.DefaultConfigurationAction</configuration-action-class>
		<preferences-owned-by-group>true</preferences-owned-by-group>
		<use-default-template>false</use-default-template>
		<instanceable>true</instanceable>
		<private-request-attributes>false</private-request-attributes>
		<private-session-attributes>false</private-session-attributes>
		<render-weight>50</render-weight>
		<css-class-wrapper>portlet-journal-articles</css-class-wrapper>
	</portlet>
	<portlet>
		<portlet-name>64</portlet-name>
		<icon>/html/icons/recent_documents.png</icon>
		<struts-path>recent_documents</struts-path>
		<scheduler-entry>
			<scheduler-event-listener-class>com.liferay.portlet.documentlibrary.messaging.CheckFileRankMessageListener</scheduler-event-listener-class>
			<trigger>
				<simple>
					<property-key>dl.file.rank.check.interval</property-key>
					<time-unit>minute</time-unit>
				</simple>
			</trigger>
		</scheduler-entry>
		<use-default-template>false</use-default-template>
		<scopeable>true</scopeable>
		<private-request-attributes>false</private-request-attributes>
		<private-session-attributes>false</private-session-attributes>
		<render-weight>50</render-weight>
		<css-class-wrapper>portlet-recent-documents</css-class-wrapper>
	</portlet>
	<portlet>
		<portlet-name>70</portlet-name>
		<icon>/html/icons/default.png</icon>
		<struts-path>password_generator</struts-path>
		<remoteable>true</remoteable>
		<private-request-attributes>false</private-request-attributes>
		<private-session-attributes>false</private-session-attributes>
		<render-weight>50</render-weight>
		<css-class-wrapper>portlet-password-generator</css-class-wrapper>
	</portlet>
	<portlet>
		<portlet-name>71</portlet-name>
		<icon>/html/icons/navigation.png</icon>
		<struts-path>navigation</struts-path>
		<configuration-action-class>com.liferay.portal.kernel.portlet.DefaultConfigurationAction</configuration-action-class>
		<preferences-owned-by-group>true</preferences-owned-by-group>
		<use-default-template>false</use-default-template>
		<layout-cacheable>true</layout-cacheable>
		<instanceable>true</instanceable>
		<private-request-attributes>false</private-request-attributes>
		<private-session-attributes>false</private-session-attributes>
		<render-weight>50</render-weight>
		<css-class-wrapper>portlet-navigation</css-class-wrapper>
		<add-default-resource>true</add-default-resource>
	</portlet>
	<portlet>
		<portlet-name>73</portlet-name>
		<icon>/html/icons/breadcrumb.png</icon>
		<struts-path>breadcrumb</struts-path>
		<configuration-action-class>com.liferay.portal.kernel.portlet.DefaultConfigurationAction</configuration-action-class>
		<preferences-owned-by-group>true</preferences-owned-by-group>
		<use-default-template>false</use-default-template>
		<layout-cacheable>true</layout-cacheable>
		<instanceable>true</instanceable>
		<private-request-attributes>false</private-request-attributes>
		<private-session-attributes>false</private-session-attributes>
		<render-weight>50</render-weight>
		<css-class-wrapper>portlet-breadcrumb</css-class-wrapper>
		<add-default-resource>true</add-default-resource>
	</portlet>
	<portlet>
		<portlet-name>77</portlet-name>
		<icon>/html/icons/journal_content_search.png</icon>
		<struts-path>journal_content_search</struts-path>
		<configuration-action-class>com.liferay.portal.kernel.portlet.DefaultConfigurationAction</configuration-action-class>
		<preferences-owned-by-group>true</preferences-owned-by-group>
		<use-default-template>false</use-default-template>
		<layout-cacheable>true</layout-cacheable>
		<private-request-attributes>false</private-request-attributes>
		<private-session-attributes>false</private-session-attributes>
		<render-weight>50</render-weight>
		<css-class-wrapper>portlet-journal-content-search</css-class-wrapper>
		<add-default-resource>true</add-default-resource>
	</portlet>
	<portlet>
		<portlet-name>82</portlet-name>
		<icon>/html/icons/language.png</icon>
		<struts-path>language</struts-path>
		<configuration-action-class>com.liferay.portal.kernel.portlet.DefaultConfigurationAction</configuration-action-class>
		<preferences-owned-by-group>true</preferences-owned-by-group>
		<use-default-template>false</use-default-template>
		<layout-cacheable>true</layout-cacheable>
		<private-request-attributes>false</private-request-attributes>
		<private-session-attributes>false</private-session-attributes>
		<render-weight>50</render-weight>
		<css-class-wrapper>portlet-language</css-class-wrapper>
		<add-default-resource>true</add-default-resource>
	</portlet>
	<portlet>
		<portlet-name>85</portlet-name>
		<icon>/html/icons/site_map.png</icon>
		<struts-path>site_map</struts-path>
		<configuration-action-class>com.liferay.portal.kernel.portlet.DefaultConfigurationAction</configuration-action-class>
		<preferences-owned-by-group>true</preferences-owned-by-group>
		<use-default-template>false</use-default-template>
		<layout-cacheable>true</layout-cacheable>
		<instanceable>true</instanceable>
		<private-request-attributes>false</private-request-attributes>
		<private-session-attributes>false</private-session-attributes>
		<render-weight>50</render-weight>
		<css-class-wrapper>portlet-site-map</css-class-wrapper>
		<add-default-resource>true</add-default-resource>
	</portlet>
	<portlet>
		<portlet-name>86</portlet-name>
		<icon>/html/icons/portal_settings.png</icon>
		<struts-path>portlet_configuration</struts-path>
		<portlet-url-class>com.liferay.portal.struts.StrutsActionPortletURL</portlet-url-class>
		<use-default-template>false</use-default-template>
		<private-request-attributes>false</private-request-attributes>
		<private-session-attributes>false</private-session-attributes>
		<render-weight>50</render-weight>
		<header-portlet-css>/html/portlet/portlet_configuration/css/main.css</header-portlet-css>
		<css-class-wrapper>portlet-configuration</css-class-wrapper>
		<add-default-resource>true</add-default-resource>
		<system>true</system>
	</portlet>
	<portlet>
		<portlet-name>87</portlet-name>
		<icon>/html/icons/default.png</icon>
		<struts-path>layout_configuration</struts-path>
		<use-default-template>false</use-default-template>
		<show-portlet-access-denied>false</show-portlet-access-denied>
		<show-portlet-inactive>false</show-portlet-inactive>
		<private-request-attributes>false</private-request-attributes>
		<private-session-attributes>false</private-session-attributes>
		<render-weight>50</render-weight>
		<add-default-resource>true</add-default-resource>
		<system>true</system>
	</portlet>
	<portlet>
		<portlet-name>88</portlet-name>
		<icon>/html/icons/default.png</icon>
		<struts-path>layouts_admin</struts-path>
		<portlet-url-class>com.liferay.portal.struts.StrutsActionPortletURL</portlet-url-class>
		<preferences-owned-by-group>true</preferences-owned-by-group>
		<use-default-template>false</use-default-template>
		<private-request-attributes>false</private-request-attributes>
		<private-session-attributes>false</private-session-attributes>
		<render-weight>50</render-weight>
		<header-portlet-css>/html/portlet/layouts_admin/css/main.css</header-portlet-css>
		<footer-portal-javascript>/html/js/liferay/service.js</footer-portal-javascript>
		<css-class-wrapper>portlet-communities</css-class-wrapper>
		<add-default-resource>true</add-default-resource>
		<system>true</system>
	</portlet>
	<portlet>
		<portlet-name>90</portlet-name>
		<icon>/html/icons/default.png</icon>
		<struts-path>portal</struts-path>
		<system>true</system>
	</portlet>
	<portlet>
		<portlet-name>99</portlet-name>
		<icon>/html/icons/asset_tag_admin.png</icon>
		<struts-path>asset_tag_admin</struts-path>
		<control-panel-entry-category>content</control-panel-entry-category>
		<control-panel-entry-weight>20.0</control-panel-entry-weight>
		<preferences-owned-by-group>true</preferences-owned-by-group>
		<use-default-template>false</use-default-template>
		<private-request-attributes>false</private-request-attributes>
		<private-session-attributes>false</private-session-attributes>
		<render-weight>50</render-weight>
		<header-portlet-css>/html/portlet/asset_tag_admin/css/main.css</header-portlet-css>
		<footer-portal-javascript>/html/js/liferay/service.js</footer-portal-javascript>
		<footer-portlet-javascript>/html/portlet/asset_tag_admin/js/main.js</footer-portlet-javascript>
		<css-class-wrapper>portlet-asset-tag-admin</css-class-wrapper>
	</portlet>
	<portlet>
		<portlet-name>101</portlet-name>
		<icon>/html/icons/asset_publisher.png</icon>
		<struts-path>asset_publisher</struts-path>
		<configuration-action-class>com.liferay.portlet.assetpublisher.action.ConfigurationActionImpl</configuration-action-class>
		<indexer-class>com.liferay.portlet.assetpublisher.util.AssetIndexer</indexer-class>
		<friendly-url-mapper-class>com.liferay.portal.kernel.portlet.DefaultFriendlyURLMapper</friendly-url-mapper-class>
		<friendly-url-mapping>asset_publisher</friendly-url-mapping>
		<friendly-url-routes>com/liferay/portlet/assetpublisher/asset-publisher-friendly-url-routes.xml</friendly-url-routes>
		<preferences-owned-by-group>true</preferences-owned-by-group>
		<use-default-template>false</use-default-template>
		<layout-cacheable>true</layout-cacheable>
		<instanceable>false</instanceable>
		<scopeable>false</scopeable>
		<private-request-attributes>false</private-request-attributes>
		<private-session-attributes>false</private-session-attributes>
		<render-weight>25</render-weight>
		<header-portlet-css>/html/portlet/asset_publisher/css/main.css</header-portlet-css>
		<css-class-wrapper>portlet-asset-publisher</css-class-wrapper>
		<add-default-resource>true</add-default-resource>
	</portlet>
	<portlet>
		<portlet-name>103</portlet-name>
		<icon>/html/icons/default.png</icon>
		<struts-path>tags_compiler</struts-path>
		<friendly-url-mapper-class>com.liferay.portlet.tagscompiler.TagsCompilerFriendlyURLMapper</friendly-url-mapper-class>
		<friendly-url-mapping>tags</friendly-url-mapping>
		<preferences-owned-by-group>true</preferences-owned-by-group>
		<use-default-template>false</use-default-template>
		<show-portlet-access-denied>false</show-portlet-access-denied>
		<show-portlet-inactive>false</show-portlet-inactive>
		<private-request-attributes>false</private-request-attributes>
		<private-session-attributes>false</private-session-attributes>
		<render-weight>100</render-weight>
		<add-default-resource>true</add-default-resource>
		<system>true</system>
	</portlet>
	<portlet>
		<portlet-name>104</portlet-name>
		<icon>/html/icons/update_manager.png</icon>
		<struts-path>update_manager</struts-path>
<!-- 		<control-panel-entry-category>server</control-panel-entry-category> -->
<!-- 		<control-panel-entry-weight>4.0</control-panel-entry-weight> -->
<!-- 		<control-panel-entry-class>com.liferay.portlet.admin.OmniadminControlPanelEntry</control-panel-entry-class> -->
		<preferences-owned-by-group>true</preferences-owned-by-group>
		<use-default-template>false</use-default-template>
		<private-request-attributes>false</private-request-attributes>
		<private-session-attributes>false</private-session-attributes>
		<render-weight>50</render-weight>
		<header-portlet-css>/html/portlet/update_manager/css/main.css</header-portlet-css>
		<css-class-wrapper>portlet-update-manager</css-class-wrapper>
		<add-default-resource>true</add-default-resource>
	</portlet>
	<portlet>
		<portlet-name>108</portlet-name>
		<icon>/html/icons/page_ratings.png</icon>
		<struts-path>page_ratings</struts-path>
		<portlet-data-handler-class>com.liferay.portlet.pageratings.lar.PageRatingsPortletDataHandlerImpl</portlet-data-handler-class>
		<preferences-owned-by-group>true</preferences-owned-by-group>
		<use-default-template>false</use-default-template>
		<private-request-attributes>false</private-request-attributes>
		<private-session-attributes>false</private-session-attributes>
		<render-weight>50</render-weight>
		<css-class-wrapper>portlet-page-ratings</css-class-wrapper>
	</portlet>
	<portlet>
		<portlet-name>110</portlet-name>
		<icon>/html/icons/document_library_display.png</icon>
		<struts-path>document_library_display</struts-path>
		<parent-struts-path>document_library</parent-struts-path>
		<configuration-action-class>com.liferay.portlet.documentlibrary.action.ConfigurationActionImpl</configuration-action-class>
		<portlet-url-class>com.liferay.portal.struts.StrutsActionPortletURL</portlet-url-class>
		<friendly-url-mapper-class>com.liferay.portal.kernel.portlet.DefaultFriendlyURLMapper</friendly-url-mapper-class>
		<friendly-url-mapping>document_library_display</friendly-url-mapping>
		<friendly-url-routes>com/liferay/portlet/documentlibrary/document-library-display-friendly-url-routes.xml</friendly-url-routes>
		<portlet-data-handler-class>com.liferay.portlet.documentlibrary.lar.DLDisplayPortletDataHandlerImpl</portlet-data-handler-class>
		<webdav-storage-token>document_library</webdav-storage-token>
		<webdav-storage-class>com.liferay.portlet.documentlibrary.webdav.DLWebDAVStorageImpl</webdav-storage-class>
		<preferences-owned-by-group>true</preferences-owned-by-group>
		<use-default-template>false</use-default-template>
		<instanceable>true</instanceable>
		<scopeable>true</scopeable>
		<private-request-attributes>false</private-request-attributes>
		<private-session-attributes>false</private-session-attributes>
		<render-weight>50</render-weight>
		<header-portlet-css>/html/portlet/document_library/css/main.css</header-portlet-css>
		<header-portlet-css>/html/portlet/document_library_display/css/main.css</header-portlet-css>
		<css-class-wrapper>portlet-document-library-display</css-class-wrapper>
	</portlet>
	<portlet>
		<portlet-name>111</portlet-name>
		<icon>/html/icons/admin_plugins.png</icon>
		<struts-path>plugin_installer</struts-path>
		<portlet-url-class>com.liferay.portal.struts.StrutsActionPortletURL</portlet-url-class>
		<preferences-owned-by-group>true</preferences-owned-by-group>
		<use-default-template>false</use-default-template>
		<private-request-attributes>false</private-request-attributes>
		<private-session-attributes>false</private-session-attributes>
		<render-weight>50</render-weight>
		<css-class-wrapper>portlet-plugin-installer</css-class-wrapper>
		<add-default-resource>true</add-default-resource>
	</portlet>
	<portlet>
		<portlet-name>113</portlet-name>
		<icon>/html/icons/portlet_css.png</icon>
		<struts-path>portlet_css</struts-path>
		<use-default-template>false</use-default-template>
		<private-request-attributes>false</private-request-attributes>
		<private-session-attributes>false</private-session-attributes>
		<render-weight>50</render-weight>
		<add-default-resource>true</add-default-resource>
		<system>true</system>
	</portlet>	
	<portlet>
		<portlet-name>119</portlet-name>
		<icon>/html/icons/default.png</icon>
		<struts-path>asset</struts-path>
		<use-default-template>false</use-default-template>
		<private-request-attributes>false</private-request-attributes>
		<private-session-attributes>false</private-session-attributes>
		<render-weight>50</render-weight>
		<system>true</system>
	</portlet>	
	<portlet>
		<portlet-name>122</portlet-name>
		<icon>/html/icons/asset_categories_navigation.png</icon>
		<struts-path>asset_categories_navigation</struts-path>
		<configuration-action-class>com.liferay.portal.kernel.portlet.DefaultConfigurationAction</configuration-action-class>
		<preferences-owned-by-group>true</preferences-owned-by-group>
		<use-default-template>false</use-default-template>
		<layout-cacheable>true</layout-cacheable>
		<instanceable>true</instanceable>
		<private-request-attributes>false</private-request-attributes>
		<private-session-attributes>false</private-session-attributes>
		<render-weight>50</render-weight>
		<css-class-wrapper>portlet-asset-categories-navigation</css-class-wrapper>
	</portlet>
	<portlet>
		<portlet-name>125</portlet-name>
		<icon>/html/icons/users_admin.png</icon>
		<struts-path>users_admin</struts-path>
		<indexer-class>com.liferay.portlet.usersadmin.util.OrganizationIndexer</indexer-class>
		<indexer-class>com.liferay.portlet.usersadmin.util.UserIndexer</indexer-class>
		<portlet-url-class>com.liferay.portal.struts.StrutsActionPortletURL</portlet-url-class>
		<control-panel-entry-category>portal</control-panel-entry-category>
		<control-panel-entry-weight>1.0</control-panel-entry-weight>
		<control-panel-entry-class>com.liferay.portlet.usersadmin.UsersControlPanelEntry</control-panel-entry-class>
		<atom-collection-adapter>com.liferay.portlet.usersadmin.atom.UserAtomCollectionAdapter</atom-collection-adapter>
		<custom-attributes-display>com.liferay.portlet.usersadmin.LayoutCustomAttributesDisplay</custom-attributes-display>
		<custom-attributes-display>com.liferay.portlet.usersadmin.OrganizationCustomAttributesDisplay</custom-attributes-display>
		<custom-attributes-display>com.liferay.portlet.usersadmin.UserCustomAttributesDisplay</custom-attributes-display>
		<preferences-owned-by-group>true</preferences-owned-by-group>
		<use-default-template>false</use-default-template>
		<private-request-attributes>false</private-request-attributes>
		<private-session-attributes>false</private-session-attributes>
		<render-weight>50</render-weight>
		<header-portlet-css>/html/portlet/layouts_admin/css/main.css</header-portlet-css>
		<header-portlet-css>/html/portlet/users_admin/css/main.css</header-portlet-css>
		<footer-portlet-javascript>/html/portlet/users_admin/js/main.js</footer-portlet-javascript>
		<css-class-wrapper>portlet-users-admin</css-class-wrapper>
	</portlet>
	<portlet>
		<portlet-name>127</portlet-name>
		<icon>/html/icons/user_groups_admin.png</icon>
		<struts-path>user_groups_admin</struts-path>
		<portlet-url-class>com.liferay.portal.struts.StrutsActionPortletURL</portlet-url-class>
		<control-panel-entry-category>portal</control-panel-entry-category>
		<control-panel-entry-weight>4.5</control-panel-entry-weight>
		<use-default-template>false</use-default-template>
		<private-request-attributes>false</private-request-attributes>
		<private-session-attributes>false</private-session-attributes>
		<render-weight>50</render-weight>
		<header-portlet-css>/html/portlet/layouts_admin/css/main.css</header-portlet-css>
		<css-class-wrapper>portlet-users-admin</css-class-wrapper>
	</portlet>
	<portlet>
		<portlet-name>128</portlet-name>
		<icon>/html/icons/roles_admin.png</icon>
		<struts-path>roles_admin</struts-path>
		<portlet-url-class>com.liferay.portal.struts.StrutsActionPortletURL</portlet-url-class>
		<control-panel-entry-category>portal</control-panel-entry-category>
		<control-panel-entry-weight>5.0</control-panel-entry-weight>
		<preferences-owned-by-group>true</preferences-owned-by-group>
		<use-default-template>false</use-default-template>
		<private-request-attributes>false</private-request-attributes>
		<private-session-attributes>false</private-session-attributes>
		<render-weight>50</render-weight>
		<header-portlet-css>/html/portlet/users_admin/css/main.css</header-portlet-css>
		<footer-portlet-javascript>/html/portlet/users_admin/js/main.js</footer-portlet-javascript>
		<css-class-wrapper>portlet-users-admin</css-class-wrapper>
	</portlet>
	<portlet>
		<portlet-name>129</portlet-name>
		<icon>/html/icons/password_policies_admin.png</icon>
		<struts-path>password_policies_admin</struts-path>
		<portlet-url-class>com.liferay.portal.struts.StrutsActionPortletURL</portlet-url-class>
		<control-panel-entry-category>portal</control-panel-entry-category>
		<control-panel-entry-weight>6.0</control-panel-entry-weight>
		<preferences-owned-by-group>true</preferences-owned-by-group>
		<use-default-template>false</use-default-template>
		<private-request-attributes>false</private-request-attributes>
		<private-session-attributes>false</private-session-attributes>
		<render-weight>50</render-weight>
		<header-portlet-css>/html/portlet/users_admin/css/main.css</header-portlet-css>
		<css-class-wrapper>portlet-users-admin</css-class-wrapper>
	</portlet>
	<portlet>
		<portlet-name>130</portlet-name>
		<icon>/html/icons/portal_settings.png</icon>
		<struts-path>portal_settings</struts-path>
		<portlet-url-class>com.liferay.portal.struts.StrutsActionPortletURL</portlet-url-class>
		<control-panel-entry-category>portal</control-panel-entry-category>
		<control-panel-entry-weight>7.0</control-panel-entry-weight>
		<preferences-owned-by-group>true</preferences-owned-by-group>
		<use-default-template>false</use-default-template>
		<private-request-attributes>false</private-request-attributes>
		<private-session-attributes>false</private-session-attributes>
		<render-weight>50</render-weight>
		<header-portlet-css>/html/portlet/users_admin/css/main.css</header-portlet-css>
		<footer-portlet-javascript>/html/portlet/users_admin/js/main.js</footer-portlet-javascript>
		<css-class-wrapper>portlet-users-admin</css-class-wrapper>
	</portlet>
	<portlet>
		<portlet-name>131</portlet-name>
		<icon>/html/icons/monitoring.png</icon>
		<struts-path>monitoring</struts-path>
		<portlet-url-class>com.liferay.portal.struts.StrutsActionPortletURL</portlet-url-class>
<!-- 		<control-panel-entry-category>portal</control-panel-entry-category> -->
<!-- 		<control-panel-entry-weight>9.0</control-panel-entry-weight> -->
		<preferences-owned-by-group>true</preferences-owned-by-group>
		<use-default-template>false</use-default-template>
		<private-request-attributes>false</private-request-attributes>
		<private-session-attributes>false</private-session-attributes>
		<render-weight>50</render-weight>
		<header-portlet-css>/html/portlet/users_admin/css/main.css</header-portlet-css>
		<css-class-wrapper>portlet-users-admin</css-class-wrapper>
	</portlet>
	<portlet>
		<portlet-name>132</portlet-name>
		<icon>/html/icons/plugins_admin.png</icon>
		<struts-path>plugins_admin</struts-path>
		<portlet-url-class>com.liferay.portal.struts.StrutsActionPortletURL</portlet-url-class>
<!-- 		<control-panel-entry-category>portal</control-panel-entry-category> -->
<!-- 		<control-panel-entry-weight>10.0</control-panel-entry-weight> -->
		<preferences-owned-by-group>true</preferences-owned-by-group>
		<use-default-template>false</use-default-template>
		<private-request-attributes>false</private-request-attributes>
		<private-session-attributes>false</private-session-attributes>
		<render-weight>50</render-weight>
		<header-portlet-css>/html/portlet/users_admin/css/main.css</header-portlet-css>
		<css-class-wrapper>portlet-users-admin</css-class-wrapper>
	</portlet>
	<portlet>
		<portlet-name>133</portlet-name>
		<icon>/html/icons/portlet_sharing.png</icon>
		<struts-path>portlet_sharing</struts-path>
		<use-default-template>false</use-default-template>
		<private-request-attributes>false</private-request-attributes>
		<private-session-attributes>false</private-session-attributes>
		<render-weight>50</render-weight>
		<add-default-resource>true</add-default-resource>
		<system>true</system>
	</portlet>
	<portlet>
		<portlet-name>134</portlet-name>
		<icon>/html/icons/sites_admin.png</icon>
		<struts-path>sites_admin</struts-path>
		<portlet-url-class>com.liferay.portal.struts.StrutsActionPortletURL</portlet-url-class>
<!-- 		<control-panel-entry-category>portal</control-panel-entry-category> -->
<!-- 		<control-panel-entry-weight>2.0</control-panel-entry-weight> -->
<!-- 		<control-panel-entry-class>com.liferay.portlet.sitesadmin.SitesControlPanelEntry</control-panel-entry-class> -->
		<custom-attributes-display>com.liferay.portlet.sitesadmin.SiteCustomAttributesDisplay</custom-attributes-display>
		<preferences-owned-by-group>true</preferences-owned-by-group>
		<use-default-template>false</use-default-template>
		<private-request-attributes>false</private-request-attributes>
		<private-session-attributes>false</private-session-attributes>
		<render-weight>50</render-weight>
		<header-portlet-css>/html/portlet/layouts_admin/css/main.css</header-portlet-css>
		<header-portlet-css>/html/portlet/users_admin/css/main.css</header-portlet-css>
		<css-class-wrapper>portlet-users-admin</css-class-wrapper>
		<add-default-resource>true</add-default-resource>
	</portlet>
	<portlet>
		<portlet-name>135</portlet-name>
		<icon>/html/icons/admin_instances.png</icon>
		<struts-path>admin_instances</struts-path>
		<portlet-url-class>com.liferay.portal.struts.StrutsActionPortletURL</portlet-url-class>
		<control-panel-entry-category>server</control-panel-entry-category>
		<control-panel-entry-weight>2.0</control-panel-entry-weight>
		<control-panel-entry-class>com.liferay.portlet.admin.OmniadminControlPanelEntry</control-panel-entry-class>
		<preferences-owned-by-group>true</preferences-owned-by-group>
		<use-default-template>false</use-default-template>
		<private-request-attributes>false</private-request-attributes>
		<private-session-attributes>false</private-session-attributes>
		<render-weight>50</render-weight>
		<css-class-wrapper>portlet-admin</css-class-wrapper>
	</portlet>
	<portlet>
		<portlet-name>136</portlet-name>
		<icon>/html/icons/admin_plugins.png</icon>
		<struts-path>admin_plugins</struts-path>
		<portlet-url-class>com.liferay.portal.struts.StrutsActionPortletURL</portlet-url-class>
		<control-panel-entry-category>server</control-panel-entry-category>
		<control-panel-entry-weight>3.0</control-panel-entry-weight>
		<control-panel-entry-class>com.liferay.portlet.admin.OmniadminControlPanelEntry</control-panel-entry-class>
		<preferences-owned-by-group>true</preferences-owned-by-group>
		<use-default-template>false</use-default-template>
		<private-request-attributes>false</private-request-attributes>
		<private-session-attributes>false</private-session-attributes>
		<render-weight>50</render-weight>
		<css-class-wrapper>portlet-admin</css-class-wrapper>
	</portlet>
	<portlet>
		<portlet-name>137</portlet-name>
		<icon>/html/icons/admin_server.png</icon>
		<struts-path>admin_server</struts-path>
		<portlet-url-class>com.liferay.portal.struts.StrutsActionPortletURL</portlet-url-class>
		<friendly-url-mapper-class>com.liferay.portal.kernel.portlet.DefaultFriendlyURLMapper</friendly-url-mapper-class>
		<friendly-url-mapping>server</friendly-url-mapping>
		<friendly-url-routes>com/liferay/portlet/admin/admin-server-friendly-url-routes.xml</friendly-url-routes>
		<poller-processor-class>com.liferay.portlet.admin.poller.AdminPollerProcessor</poller-processor-class>
		<control-panel-entry-category>server</control-panel-entry-category>
		<control-panel-entry-weight>1.0</control-panel-entry-weight>
		<control-panel-entry-class>com.liferay.portlet.admin.OmniadminControlPanelEntry</control-panel-entry-class>
		<preferences-owned-by-group>true</preferences-owned-by-group>
		<use-default-template>false</use-default-template>
		<private-request-attributes>false</private-request-attributes>
		<private-session-attributes>false</private-session-attributes>
		<render-weight>50</render-weight>
		<footer-portlet-javascript>/html/portlet/admin/js/main.js</footer-portlet-javascript>
		<css-class-wrapper>portlet-admin</css-class-wrapper>
	</portlet>
	<portlet>
		<portlet-name>139</portlet-name>
		<icon>/html/icons/expando.png</icon>
		<struts-path>expando</struts-path>
<!-- 		<control-panel-entry-category>portal</control-panel-entry-category> -->
<!-- 		<control-panel-entry-weight>8.0</control-panel-entry-weight> -->
		<preferences-owned-by-group>true</preferences-owned-by-group>
		<use-default-template>false</use-default-template>
		<private-request-attributes>false</private-request-attributes>
		<private-session-attributes>false</private-session-attributes>
		<render-weight>50</render-weight>
		<header-portlet-css>/html/portlet/expando/css/main.css</header-portlet-css>
		<css-class-wrapper>portlet-expando</css-class-wrapper>
		<add-default-resource>true</add-default-resource>
		<system>true</system>
	</portlet>
	<portlet>
		<portlet-name>140</portlet-name>
		<icon>/html/icons/my_pages.png</icon>
		<struts-path>my_pages</struts-path>
		<portlet-url-class>com.liferay.portal.struts.StrutsActionPortletURL</portlet-url-class>
<!-- 		<control-panel-entry-category>my</control-panel-entry-category> -->
<!-- 		<control-panel-entry-weight>2.0</control-panel-entry-weight> -->
<!-- 		<control-panel-entry-class>com.liferay.portlet.mypages.MyPagesControlPanelEntry</control-panel-entry-class> -->
		<preferences-owned-by-group>true</preferences-owned-by-group>
		<use-default-template>false</use-default-template>
		<private-request-attributes>false</private-request-attributes>
		<private-session-attributes>false</private-session-attributes>
		<render-weight>50</render-weight>
		<header-portlet-css>/html/portlet/layouts_admin/css/main.css</header-portlet-css>
		<header-portlet-css>/html/portlet/users_admin/css/main.css</header-portlet-css>
		<css-class-wrapper>portlet-users-admin</css-class-wrapper>
		<system>true</system>
	</portlet>
	<portlet>
		<portlet-name>141</portlet-name>
		<icon>/html/icons/asset_tags_navigation.png</icon>
		<struts-path>asset_tags_navigation</struts-path>
		<configuration-action-class>com.liferay.portal.kernel.portlet.DefaultConfigurationAction</configuration-action-class>
		<preferences-owned-by-group>true</preferences-owned-by-group>
		<use-default-template>false</use-default-template>
		<layout-cacheable>true</layout-cacheable>
		<instanceable>true</instanceable>
		<private-request-attributes>false</private-request-attributes>
		<private-session-attributes>false</private-session-attributes>
		<render-weight>50</render-weight>
		<css-class-wrapper>portlet-asset-tags-navigation</css-class-wrapper>
	</portlet>
	<portlet>
		<portlet-name>144</portlet-name>
		<icon>/html/icons/ratings.png</icon>
		<struts-path>ratings</struts-path>
		<use-default-template>false</use-default-template>
		<private-request-attributes>false</private-request-attributes>
		<private-session-attributes>false</private-session-attributes>
		<render-weight>50</render-weight>
		<css-class-wrapper>portlet-ratings</css-class-wrapper>
		<add-default-resource>true</add-default-resource>
		<system>true</system>
	</portlet>
	<portlet>
		<portlet-name>145</portlet-name>
		<icon>/html/icons/default.png</icon>
		<struts-path>dockbar</struts-path>
		<use-default-template>false</use-default-template>
		<show-portlet-access-denied>false</show-portlet-access-denied>
		<show-portlet-inactive>false</show-portlet-inactive>
		<private-request-attributes>false</private-request-attributes>
		<private-session-attributes>false</private-session-attributes>
		<render-weight>50</render-weight>
		<css-class-wrapper>portlet-dockbar</css-class-wrapper>
		<add-default-resource>true</add-default-resource>
		<system>true</system>
	</portlet>
	<portlet>
		<portlet-name>146</portlet-name>
		<icon>/html/icons/layout_prototypes.png</icon>
		<struts-path>layout_prototypes</struts-path>
		<portlet-url-class>com.liferay.portal.struts.StrutsActionPortletURL</portlet-url-class>
<!-- 		<control-panel-entry-category>portal</control-panel-entry-category> -->
<!-- 		<control-panel-entry-weight>4.0</control-panel-entry-weight> -->
		<preferences-owned-by-group>true</preferences-owned-by-group>
		<use-default-template>false</use-default-template>
		<scopeable>true</scopeable>
		<private-request-attributes>false</private-request-attributes>
		<private-session-attributes>false</private-session-attributes>
		<render-weight>50</render-weight>
		<header-portlet-css>/html/portlet/layouts_admin/css/main.css</header-portlet-css>
		<header-portlet-css>/html/portlet/users_admin/css/main.css</header-portlet-css>
		<css-class-wrapper>portlet-users-admin</css-class-wrapper>
	</portlet>
	<portlet>
		<portlet-name>147</portlet-name>
		<icon>/html/icons/asset_category_admin.png</icon>
		<struts-path>asset_category_admin</struts-path>
		<control-panel-entry-category>content</control-panel-entry-category>
		<control-panel-entry-weight>21.0</control-panel-entry-weight>
		<preferences-owned-by-group>true</preferences-owned-by-group>
		<use-default-template>false</use-default-template>
		<private-request-attributes>false</private-request-attributes>
		<private-session-attributes>false</private-session-attributes>
		<render-weight>50</render-weight>
		<header-portlet-css>/html/portlet/asset_category_admin/css/main.css</header-portlet-css>
		<footer-portal-javascript>/html/js/liferay/service.js</footer-portal-javascript>
		<footer-portlet-javascript>/html/portlet/asset_category_admin/js/main.js</footer-portlet-javascript>
		<css-class-wrapper>portlet-asset-category-admin</css-class-wrapper>
	</portlet>
	<portlet>
		<portlet-name>148</portlet-name>
		<icon>/html/icons/asset_tags_cloud.png</icon>
		<struts-path>asset_tags_cloud</struts-path>
		<configuration-action-class>com.liferay.portal.kernel.portlet.DefaultConfigurationAction</configuration-action-class>
		<use-default-template>false</use-default-template>
		<layout-cacheable>true</layout-cacheable>
		<instanceable>true</instanceable>
		<private-request-attributes>false</private-request-attributes>
		<private-session-attributes>false</private-session-attributes>
		<render-weight>50</render-weight>
		<css-class-wrapper>portlet-asset-tags-navigation</css-class-wrapper>
	</portlet>
	<portlet>
		<portlet-name>149</portlet-name>
		<icon>/html/icons/layout_set_prototypes.png</icon>
		<struts-path>layout_set_prototypes</struts-path>
		<portlet-url-class>com.liferay.portal.struts.StrutsActionPortletURL</portlet-url-class>
<!-- 		<control-panel-entry-category>portal</control-panel-entry-category> -->
<!-- 		<control-panel-entry-weight>3.0</control-panel-entry-weight> -->
		<preferences-owned-by-group>true</preferences-owned-by-group>
		<use-default-template>false</use-default-template>
		<scopeable>true</scopeable>
		<private-request-attributes>false</private-request-attributes>
		<private-session-attributes>false</private-session-attributes>
		<render-weight>50</render-weight>
		<header-portlet-css>/html/portlet/layouts_admin/css/main.css</header-portlet-css>
		<header-portlet-css>/html/portlet/users_admin/css/main.css</header-portlet-css>
		<css-class-wrapper>portlet-users-admin</css-class-wrapper>
	</portlet>
	<portlet>
		<portlet-name>150</portlet-name>
		<icon>/html/icons/workflow_tasks.png</icon>
		<struts-path>workflow_tasks</struts-path>
		<portlet-url-class>com.liferay.portal.struts.StrutsActionPortletURL</portlet-url-class>
		<preferences-owned-by-group>true</preferences-owned-by-group>
		<use-default-template>false</use-default-template>
		<private-request-attributes>false</private-request-attributes>
		<private-session-attributes>false</private-session-attributes>
		<render-weight>50</render-weight>
		<header-portlet-css>/html/portlet/asset_publisher/css/main.css</header-portlet-css>
		<header-portlet-css>/html/portlet/users_admin/css/main.css</header-portlet-css>
		<header-portlet-css>/html/portlet/workflow_definitions/css/main.css</header-portlet-css>
		<css-class-wrapper>portlet-workflow-tasks</css-class-wrapper>
	</portlet>
	<portlet>
		<portlet-name>151</portlet-name>
		<icon>/html/icons/workflow_definitions.png</icon>
		<struts-path>workflow_definitions</struts-path>
		<portlet-url-class>com.liferay.portal.struts.StrutsActionPortletURL</portlet-url-class>
		<control-panel-entry-category>portal</control-panel-entry-category>
		<control-panel-entry-weight>13.0</control-panel-entry-weight>
		<control-panel-entry-class>com.liferay.portal.workflow.WorkflowControlPanelEntry</control-panel-entry-class>
		<preferences-owned-by-group>true</preferences-owned-by-group>
		<use-default-template>false</use-default-template>
		<private-request-attributes>false</private-request-attributes>
		<private-session-attributes>false</private-session-attributes>
		<render-weight>50</render-weight>
		<header-portlet-css>/html/portlet/asset_publisher/css/main.css</header-portlet-css>
		<header-portlet-css>/html/portlet/workflow_definitions/css/main.css</header-portlet-css>
		<css-class-wrapper>portlet-workflow-definitions</css-class-wrapper>
	</portlet>
	<portlet>
		<portlet-name>152</portlet-name>
		<icon>/html/icons/workflow_definition_links.png</icon>
		<struts-path>workflow_definition_links</struts-path>
		<portlet-url-class>com.liferay.portal.struts.StrutsActionPortletURL</portlet-url-class>
<!-- 		<control-panel-entry-category>content</control-panel-entry-category> -->
<!-- 		<control-panel-entry-weight>25.0</control-panel-entry-weight> -->
<!-- 		<control-panel-entry-class>com.liferay.portal.workflow.WorkflowControlPanelEntry</control-panel-entry-class> -->
		<preferences-owned-by-group>true</preferences-owned-by-group>
		<use-default-template>false</use-default-template>
		<private-request-attributes>false</private-request-attributes>
		<private-session-attributes>false</private-session-attributes>
		<render-weight>50</render-weight>
		<header-portlet-css>/html/portlet/workflow_definitions/css/main.css</header-portlet-css>
		<css-class-wrapper>portlet-workflow-definitions</css-class-wrapper>
	</portlet>
	<portlet>
		<portlet-name>153</portlet-name>
		<icon>/html/icons/my_workflow_tasks.png</icon>
		<struts-path>my_workflow_tasks</struts-path>
		<portlet-url-class>com.liferay.portal.struts.StrutsActionPortletURL</portlet-url-class>
		<control-panel-entry-category>my</control-panel-entry-category>
		<control-panel-entry-weight>3.0</control-panel-entry-weight>
		<control-panel-entry-class>com.liferay.portal.workflow.MyWorkflowTasksControlPanelEntry</control-panel-entry-class>
		<preferences-owned-by-group>true</preferences-owned-by-group>
		<use-default-template>false</use-default-template>
		<private-request-attributes>false</private-request-attributes>
		<private-session-attributes>false</private-session-attributes>
		<render-weight>50</render-weight>
		<header-portlet-css>/html/portlet/asset_publisher/css/main.css</header-portlet-css>
		<header-portlet-css>/html/portlet/users_admin/css/main.css</header-portlet-css>
		<header-portlet-css>/html/portlet/workflow_definitions/css/main.css</header-portlet-css>
		<footer-portlet-javascript>/html/portlet/workflow_tasks/js/main.js</footer-portlet-javascript>
		<css-class-wrapper>portlet-workflow-tasks</css-class-wrapper>
	</portlet>	
	<portlet>
		<portlet-name>156</portlet-name>
		<icon>/html/icons/group_pages.png</icon>
		<struts-path>group_pages</struts-path>
		<portlet-url-class>com.liferay.portal.struts.StrutsActionPortletURL</portlet-url-class>
		<control-panel-entry-category>content</control-panel-entry-category>
		<control-panel-entry-weight>29</control-panel-entry-weight>
		<control-panel-entry-class>com.liferay.portlet.grouppages.GroupPagesControlPanelEntry</control-panel-entry-class>
		<preferences-owned-by-group>true</preferences-owned-by-group>
		<use-default-template>false</use-default-template>
		<private-request-attributes>false</private-request-attributes>
		<private-session-attributes>false</private-session-attributes>
		<render-weight>50</render-weight>
		<header-portlet-css>/html/portlet/layouts_admin/css/main.css</header-portlet-css>
		<css-class-wrapper>portlet-communities</css-class-wrapper>
		<add-default-resource>true</add-default-resource>
		<system>true</system>
	</portlet>
	<portlet>
		<portlet-name>157</portlet-name>
		<icon>/html/icons/workflow_instances.png</icon>
		<struts-path>workflow_instances</struts-path>
		<portlet-url-class>com.liferay.portal.struts.StrutsActionPortletURL</portlet-url-class>
		<preferences-owned-by-group>true</preferences-owned-by-group>
		<use-default-template>false</use-default-template>
		<private-request-attributes>false</private-request-attributes>
		<private-session-attributes>false</private-session-attributes>
		<render-weight>50</render-weight>
		<header-portlet-css>/html/portlet/workflow_definitions/css/main.css</header-portlet-css>
		<css-class-wrapper>portlet-workflow-instances</css-class-wrapper>
	</portlet>
	<portlet>
		<portlet-name>158</portlet-name>
		<icon>/html/icons/my_workflow_instances.png</icon>
		<struts-path>my_workflow_instances</struts-path>
		<portlet-url-class>com.liferay.portal.struts.StrutsActionPortletURL</portlet-url-class>
		<control-panel-entry-category>my</control-panel-entry-category>
		<control-panel-entry-weight>4.0</control-panel-entry-weight>
		<control-panel-entry-class>com.liferay.portal.workflow.MyWorkflowInstancesControlPanelEntry</control-panel-entry-class>
		<preferences-owned-by-group>true</preferences-owned-by-group>
		<use-default-template>false</use-default-template>
		<private-request-attributes>false</private-request-attributes>
		<private-session-attributes>false</private-session-attributes>
		<render-weight>50</render-weight>
		<header-portlet-css>/html/portlet/asset_publisher/css/main.css</header-portlet-css>
		<header-portlet-css>/html/portlet/users_admin/css/main.css</header-portlet-css>
		<header-portlet-css>/html/portlet/workflow_definitions/css/main.css</header-portlet-css>
		<css-class-wrapper>portlet-workflow-instances</css-class-wrapper>
	</portlet>
	<portlet>
		<portlet-name>160</portlet-name>
		<icon>/html/icons/default.png</icon>
		<struts-path>control_panel_menu</struts-path>
		<use-default-template>false</use-default-template>
		<show-portlet-access-denied>false</show-portlet-access-denied>
		<show-portlet-inactive>false</show-portlet-inactive>
		<private-request-attributes>false</private-request-attributes>
		<private-session-attributes>false</private-session-attributes>
		<render-weight>50</render-weight>
		<add-default-resource>true</add-default-resource>
		<system>true</system>
	</portlet>
	<portlet>
		<portlet-name>164</portlet-name>
		<icon>/html/icons/login.png</icon>
		<parent-struts-path>login</parent-struts-path>
		<configuration-action-class>com.liferay.portlet.login.action.ConfigurationActionImpl</configuration-action-class>
		<preferences-owned-by-group>true</preferences-owned-by-group>
		<use-default-template>false</use-default-template>
		<private-request-attributes>false</private-request-attributes>
		<private-session-attributes>false</private-session-attributes>
		<render-weight>50</render-weight>
		<header-portlet-css>/html/portlet/login/css/main.css</header-portlet-css>
		<css-class-wrapper>portlet-login</css-class-wrapper>
		<add-default-resource>true</add-default-resource>
	</portlet>
	<portlet>
		<portlet-name>165</portlet-name>
		<icon>/html/icons/site_settings.png</icon>
		<struts-path>site_settings</struts-path>
		<parent-struts-path>sites_admin</parent-struts-path>
		<portlet-url-class>com.liferay.portal.struts.StrutsActionPortletURL</portlet-url-class>
		<control-panel-entry-category>content</control-panel-entry-category>
		<control-panel-entry-weight>30</control-panel-entry-weight>
		<control-panel-entry-class>com.liferay.portlet.sitesadmin.SiteSettingsControlPanelEntry</control-panel-entry-class>
		<preferences-owned-by-group>true</preferences-owned-by-group>
		<use-default-template>false</use-default-template>
		<private-request-attributes>false</private-request-attributes>
		<private-session-attributes>false</private-session-attributes>
		<render-weight>50</render-weight>
		<header-portlet-css>/html/portlet/sites_admin/css/main.css</header-portlet-css>
		<css-class-wrapper>portlet-site-settings</css-class-wrapper>
		<add-default-resource>true</add-default-resource>
		<system>true</system>
	</portlet>
	<portlet>
		<portlet-name>166</portlet-name>
		<struts-path>dynamic_data_mapping</struts-path>
		<portlet-url-class>com.liferay.portal.struts.StrutsActionPortletURL</portlet-url-class>
		<portlet-data-handler-class>com.liferay.portlet.dynamicdatamapping.lar.DDMPortletDataHandlerImpl</portlet-data-handler-class>
		<preferences-owned-by-group>true</preferences-owned-by-group>
		<use-default-template>false</use-default-template>
		<private-request-attributes>false</private-request-attributes>
		<private-session-attributes>false</private-session-attributes>
		<autopropagated-parameters>chooseCallback,ddmResource,saveCallback,scopeAvailableFields,scopeStorageType,scopeStructureName,scopeStructureType,scopeTemplateMode,scopeTemplateType,showGlobalScope,showManageTemplates,showToolbar,templateHeaderTitle</autopropagated-parameters>
		<render-weight>50</render-weight>
		<header-portlet-css>/html/portlet/dynamic_data_mapping/css/main.css</header-portlet-css>
		<header-portlet-javascript>/html/portlet/dynamic_data_lists/js/main.js</header-portlet-javascript>
		<header-portlet-javascript>/html/portlet/dynamic_data_mapping/js/main.js</header-portlet-javascript>
		<footer-portal-javascript>/html/js/liferay/service.js</footer-portal-javascript>
		<css-class-wrapper>portlet-dynamic-data-mapping</css-class-wrapper>
		<add-default-resource>true</add-default-resource>
	</portlet>
	<portlet>
		<portlet-name>167</portlet-name>
		<icon>/html/icons/dynamic_data_lists.png</icon>
		<struts-path>dynamic_data_lists</struts-path>
		<portlet-url-class>com.liferay.portal.struts.StrutsActionPortletURL</portlet-url-class>
		<portlet-data-handler-class>com.liferay.portlet.dynamicdatalists.lar.DDLPortletDataHandlerImpl</portlet-data-handler-class>
<!-- 		<control-panel-entry-category>content</control-panel-entry-category> -->
<!-- 		<control-panel-entry-weight>24.0</control-panel-entry-weight> -->
		<asset-renderer-factory>com.liferay.portlet.dynamicdatalists.asset.DDLRecordAssetRendererFactory</asset-renderer-factory>
		<workflow-handler>com.liferay.portlet.dynamicdatalists.workflow.DDLRecordWorkflowHandler</workflow-handler>
		<preferences-owned-by-group>true</preferences-owned-by-group>
		<use-default-template>false</use-default-template>
		<private-request-attributes>false</private-request-attributes>
		<private-session-attributes>false</private-session-attributes>
		<render-weight>50</render-weight>
		<header-portlet-css>/html/portlet/dynamic_data_lists/css/main.css</header-portlet-css>
		<header-portlet-javascript>/html/portlet/dynamic_data_lists/js/main.js</header-portlet-javascript>
		<footer-portal-javascript>/html/js/liferay/service.js</footer-portal-javascript>
		<css-class-wrapper>portlet-dynamic-data-lists</css-class-wrapper>
		<add-default-resource>true</add-default-resource>
	</portlet>
	<portlet>
		<portlet-name>169</portlet-name>
		<struts-path>dynamic_data_list_display</struts-path>
		<configuration-action-class>com.liferay.portal.kernel.portlet.DefaultConfigurationAction</configuration-action-class>
		<portlet-url-class>com.liferay.portal.struts.StrutsActionPortletURL</portlet-url-class>
		<portlet-data-handler-class>com.liferay.portlet.dynamicdatalists.lar.DDLDisplayPortletDataHandlerImpl</portlet-data-handler-class>
		<preferences-owned-by-group>true</preferences-owned-by-group>
		<use-default-template>false</use-default-template>
		<instanceable>true</instanceable>
		<scopeable>true</scopeable>
		<private-request-attributes>false</private-request-attributes>
		<private-session-attributes>false</private-session-attributes>
		<render-weight>50</render-weight>
		<header-portlet-css>/html/portlet/dynamic_data_lists/css/main.css</header-portlet-css>
		<header-portlet-javascript>/html/portlet/dynamic_data_lists/js/main.js</header-portlet-javascript>
		<footer-portal-javascript>/html/js/liferay/service.js</footer-portal-javascript>
		<css-class-wrapper>dynamic_data_list_display</css-class-wrapper>
	</portlet>
	<portlet>
		<portlet-name>170</portlet-name>
		<icon>/html/icons/default.png</icon>
		<struts-path>staging_bar</struts-path>
		<portlet-url-class>com.liferay.portal.struts.StrutsActionPortletURL</portlet-url-class>
		<use-default-template>false</use-default-template>
		<show-portlet-access-denied>false</show-portlet-access-denied>
		<show-portlet-inactive>false</show-portlet-inactive>
		<private-request-attributes>false</private-request-attributes>
		<private-session-attributes>false</private-session-attributes>
		<render-weight>50</render-weight>
		<header-portlet-css>/html/portlet/staging_bar/css/main.css</header-portlet-css>
		<css-class-wrapper>portlet-staging-bar</css-class-wrapper>
		<add-default-resource>true</add-default-resource>
		<system>true</system>
	</portlet>
	<portlet>
		<portlet-name>172</portlet-name>
		<struts-path>asset_browser</struts-path>
		<use-default-template>false</use-default-template>
		<private-request-attributes>false</private-request-attributes>
		<private-session-attributes>false</private-session-attributes>
		<render-weight>50</render-weight>
		<css-class-wrapper>portlet-asset-browser</css-class-wrapper>
		<add-default-resource>true</add-default-resource>
		<system>true</system>
	</portlet>
	<portlet>
		<portlet-name>173</portlet-name>
		<icon>/html/icons/recent_content.png</icon>
		<parent-struts-path>asset_publisher</parent-struts-path>
		<configuration-action-class>com.liferay.portlet.assetpublisher.action.ConfigurationActionImpl</configuration-action-class>
		<portlet-url-class>com.liferay.portal.struts.StrutsActionPortletURL</portlet-url-class>
<!-- 		<control-panel-entry-category>content</control-panel-entry-category> -->
<!-- 		<control-panel-entry-weight>10.0</control-panel-entry-weight> -->
		<preferences-owned-by-group>true</preferences-owned-by-group>
		<use-default-template>false</use-default-template>
		<private-request-attributes>false</private-request-attributes>
		<private-session-attributes>false</private-session-attributes>
		<render-weight>50</render-weight>
		<header-portlet-css>/html/portlet/asset_publisher/css/main.css</header-portlet-css>
		<css-class-wrapper>portlet-asset-publisher</css-class-wrapper>
		<add-default-resource>true</add-default-resource>
	</portlet>
	<portlet>
		<portlet-name>174</portlet-name>
		<icon>/html/icons/site_memberships_admin.png</icon>
		<struts-path>site_memberships_admin</struts-path>
		<parent-struts-path>sites_admin</parent-struts-path>
		<portlet-url-class>com.liferay.portal.struts.StrutsActionPortletURL</portlet-url-class>
<!-- 		<control-panel-entry-category>content</control-panel-entry-category> -->
<!-- 		<control-panel-entry-weight>2.0</control-panel-entry-weight> -->
<!-- 		<control-panel-entry-class>com.liferay.portlet.sitesadmin.SiteMembershipsControlPanelEntry</control-panel-entry-class> -->
		<preferences-owned-by-group>true</preferences-owned-by-group>
		<use-default-template>false</use-default-template>
		<private-request-attributes>false</private-request-attributes>
		<private-session-attributes>false</private-session-attributes>
		<render-weight>50</render-weight>
		<header-portlet-css>/html/portlet/layouts_admin/css/main.css</header-portlet-css>
		<header-portlet-css>/html/portlet/sites_admin/css/main.css</header-portlet-css>
		<css-class-wrapper>portlet-communities</css-class-wrapper>
		<add-default-resource>true</add-default-resource>
		<system>true</system>
	</portlet>
	<portlet>
		<portlet-name>175</portlet-name>
		<icon>/html/icons/asset_publisher.png</icon>
		<parent-struts-path>asset_publisher</parent-struts-path>
		<configuration-action-class>com.liferay.portlet.assetpublisher.action.ConfigurationActionImpl</configuration-action-class>
		<portlet-url-class>com.liferay.portal.struts.StrutsActionPortletURL</portlet-url-class>
		<preferences-owned-by-group>true</preferences-owned-by-group>
		<use-default-template>false</use-default-template>
		<instanceable>true</instanceable>
		<private-request-attributes>false</private-request-attributes>
		<private-session-attributes>false</private-session-attributes>
		<render-weight>1</render-weight>
		<header-portlet-css>/html/portlet/asset_publisher/css/main.css</header-portlet-css>
		<css-class-wrapper>portlet-asset-publisher</css-class-wrapper>
		<add-default-resource>true</add-default-resource>
	</portlet>
	<portlet>
		<portlet-name>176</portlet-name>
		<icon>/html/icons/default.png</icon>
		<struts-path>license_manager</struts-path>
<!-- 		<control-panel-entry-category>server</control-panel-entry-category> -->
<!-- 		<control-panel-entry-weight>4.0</control-panel-entry-weight> -->
<!-- 		<control-panel-entry-class>com.liferay.portlet.admin.OmniadminControlPanelEntry</control-panel-entry-class> -->
		<use-default-template>false</use-default-template>
		<private-request-attributes>false</private-request-attributes>
		<private-session-attributes>false</private-session-attributes>
		<render-weight>50</render-weight>
		<css-class-wrapper>license-manager</css-class-wrapper>
	</portlet>
	<portlet>
		<portlet-name>177</portlet-name>
		<icon>/html/icons/default.png</icon>
		<struts-path>mobile_device_rules</struts-path>
		<portlet-url-class>com.liferay.portal.struts.StrutsActionPortletURL</portlet-url-class>
<!-- 		<control-panel-entry-category>portal</control-panel-entry-category> -->
<!-- 		<control-panel-entry-weight>13.0</control-panel-entry-weight> -->
		<use-default-template>false</use-default-template>
		<private-request-attributes>false</private-request-attributes>
		<private-session-attributes>false</private-session-attributes>
		<render-weight>50</render-weight>
		<header-portlet-css>/html/portlet/mobile_device_rules/css/main.css</header-portlet-css>
		<css-class-wrapper>mobile-device-rules</css-class-wrapper>
	</portlet>
	<portlet>
		<portlet-name>178</portlet-name>
		<icon>/html/icons/default.png</icon>
		<parent-struts-path>mobile_device_rules</parent-struts-path>
		<portlet-url-class>com.liferay.portal.struts.StrutsActionPortletURL</portlet-url-class>
		<portlet-data-handler-class>com.liferay.portlet.mobiledevicerules.lar.MDRPortletDataHandlerImpl</portlet-data-handler-class>
<!-- 		<control-panel-entry-category>content</control-panel-entry-category> -->
<!-- 		<control-panel-entry-weight>22.0</control-panel-entry-weight> -->
		<use-default-template>false</use-default-template>
		<private-request-attributes>false</private-request-attributes>
		<private-session-attributes>false</private-session-attributes>
		<render-weight>50</render-weight>
		<header-portlet-css>/html/portlet/mobile_device_rules/css/main.css</header-portlet-css>
		<css-class-wrapper>mobile-device-rules</css-class-wrapper>
	</portlet>
	<role-mapper>
		<role-name>administrator</role-name>
		<role-link>Administrator</role-link>
	</role-mapper>
	<role-mapper>
		<role-name>guest</role-name>
		<role-link>Guest</role-link>
	</role-mapper>
	<role-mapper>
		<role-name>power-user</role-name>
		<role-link>Power User</role-link>
	</role-mapper>
	<role-mapper>
		<role-name>user</role-name>
		<role-link>User</role-link>
	</role-mapper>
	<custom-user-attribute>
		<name>user.name.random</name>
		<custom-class>com.liferay.portlet.DefaultCustomUserAttributes</custom-class>
	</custom-user-attribute>
</liferay-portlet-app>