<?xml version="1.0"?>

<portlet-app xmlns="http://java.sun.com/xml/ns/portlet/portlet-app_2_0.xsd" xmlns:xsi="http://www.w3.org/2001/XMLSchema-instance" xsi:schemaLocation="http://java.sun.com/xml/ns/portlet/portlet-app_2_0.xsd http://java.sun.com/xml/ns/portlet/portlet-app_2_0.xsd" version="2.0">
	<portlet>
		<portlet-name>2</portlet-name>
		<display-name>My Account</display-name>
		<portlet-class>com.liferay.portlet.StrutsPortlet</portlet-class>
		<init-param>
			<name>template-path</name>
			<value>/html/portlet/my_account/</value>
		</init-param>
		<init-param>
			<name>view-action</name>
			<value>/my_account/view</value>
		</init-param>
		<expiration-cache>0</expiration-cache>
		<supports>
			<mime-type>text/html</mime-type>
		</supports>
		<resource-bundle>com.liferay.portlet.StrutsResourceBundle</resource-bundle>
	</portlet>
	<portlet>
		<portlet-name>3</portlet-name>
		<display-name>Search</display-name>
		<portlet-class>com.liferay.portlet.StrutsPortlet</portlet-class>
		<init-param>
			<name>config-template</name>
			<value>/html/portlet/search/configuration.jsp</value>
		</init-param>
		<init-param>
			<name>template-path</name>
			<value>/html/portlet/search/</value>
		</init-param>
		<init-param>
			<name>view-action</name>
			<value>/search/view</value>
		</init-param>
		<expiration-cache>0</expiration-cache>
		<supports>
			<mime-type>text/html</mime-type>
		</supports>
		<resource-bundle>com.liferay.portlet.StrutsResourceBundle</resource-bundle>
		<security-role-ref>
			<role-name>guest</role-name>
		</security-role-ref>
		<security-role-ref>
			<role-name>power-user</role-name>
		</security-role-ref>
		<security-role-ref>
			<role-name>user</role-name>
		</security-role-ref>
	</portlet>
	<portlet>
		<portlet-name>9</portlet-name>
		<display-name>Admin</display-name>
		<portlet-class>com.liferay.portlet.StrutsPortlet</portlet-class>
		<init-param>
			<name>template-path</name>
			<value>/html/portlet/admin/</value>
		</init-param>
		<init-param>
			<name>view-action</name>
			<value>/admin/view</value>
		</init-param>
		<expiration-cache>0</expiration-cache>
		<supports>
			<mime-type>text/html</mime-type>
		</supports>
		<resource-bundle>com.liferay.portlet.StrutsResourceBundle</resource-bundle>
		<security-role-ref>
			<role-name>administrator</role-name>
		</security-role-ref>
	</portlet>
	<portlet>
		<portlet-name>11</portlet-name>
		<display-name>Directory</display-name>
		<portlet-class>com.liferay.portlet.StrutsPortlet</portlet-class>
		<init-param>
			<name>template-path</name>
			<value>/html/portlet/directory/</value>
		</init-param>
		<init-param>
			<name>view-action</name>
			<value>/directory/view</value>
		</init-param>
		<expiration-cache>0</expiration-cache>
		<supports>
			<mime-type>text/html</mime-type>
		</supports>
		<resource-bundle>com.liferay.portlet.StrutsResourceBundle</resource-bundle>
		<security-role-ref>
			<role-name>power-user</role-name>
		</security-role-ref>
		<security-role-ref>
			<role-name>user</role-name>
		</security-role-ref>
	</portlet>
	<portlet>
		<portlet-name>15</portlet-name>
		<display-name>Journal</display-name>
		<portlet-class>com.liferay.portlet.StrutsPortlet</portlet-class>
		<init-param>
			<name>config-template</name>
			<value>/html/portlet/journal/configuration.jsp</value>
		</init-param>
		<init-param>
			<name>template-path</name>
			<value>/html/portlet/journal/</value>
		</init-param>
		<init-param>
			<name>view-action</name>
			<value>/journal/view</value>
		</init-param>
		<expiration-cache>0</expiration-cache>
		<supports>
			<mime-type>text/html</mime-type>
		</supports>
		<resource-bundle>com.liferay.portlet.StrutsResourceBundle</resource-bundle>
		<security-role-ref>
			<role-name>power-user</role-name>
		</security-role-ref>
		<security-role-ref>
			<role-name>user</role-name>
		</security-role-ref>
	</portlet>
	<portlet>
		<portlet-name>20</portlet-name>
		<display-name>Documents and Media</display-name>
		<portlet-class>com.liferay.portlet.StrutsPortlet</portlet-class>
		<init-param>
			<name>config-template</name>
			<value>/html/portlet/document_library/configuration.jsp</value>
		</init-param>
		<init-param>
			<name>ddm-resource</name>
			<value>com.liferay.portlet.documentlibrary</value>
		</init-param>
		<init-param>
			<name>template-path</name>
			<value>/html/portlet/document_library/</value>
		</init-param>
		<init-param>
			<name>view-action</name>
			<value>/document_library/view</value>
		</init-param>
		<expiration-cache>0</expiration-cache>
		<supports>
			<mime-type>text/html</mime-type>
		</supports>
		<resource-bundle>com.liferay.portlet.StrutsResourceBundle</resource-bundle>
		<security-role-ref>
			<role-name>guest</role-name>
		</security-role-ref>
		<security-role-ref>
			<role-name>power-user</role-name>
		</security-role-ref>
		<security-role-ref>
			<role-name>user</role-name>
		</security-role-ref>
		<supported-public-render-parameter>categoryId</supported-public-render-parameter>
		<supported-public-render-parameter>resetCur</supported-public-render-parameter>
		<supported-public-render-parameter>tag</supported-public-render-parameter>
	</portlet>
	<portlet>
		<portlet-name>25</portlet-name>
		<display-name>Polls</display-name>
		<portlet-class>com.liferay.portlet.StrutsPortlet</portlet-class>
		<init-param>
			<name>template-path</name>
			<value>/html/portlet/polls/</value>
		</init-param>
		<init-param>
			<name>view-action</name>
			<value>/polls/view</value>
		</init-param>
		<expiration-cache>0</expiration-cache>
		<supports>
			<mime-type>text/html</mime-type>
		</supports>
		<resource-bundle>com.liferay.portlet.StrutsResourceBundle</resource-bundle>
		<security-role-ref>
			<role-name>power-user</role-name>
		</security-role-ref>
		<security-role-ref>
			<role-name>user</role-name>
		</security-role-ref>
	</portlet>
	<portlet>
		<portlet-name>29</portlet-name>
		<display-name>My Sites</display-name>
		<portlet-class>com.liferay.portlet.StrutsPortlet</portlet-class>
		<init-param>
			<name>template-path</name>
			<value>/html/portlet/my_sites/</value>
		</init-param>
		<init-param>
			<name>view-action</name>
			<value>/my_sites/view</value>
		</init-param>
		<expiration-cache>0</expiration-cache>
		<supports>
			<mime-type>text/html</mime-type>
		</supports>
		<resource-bundle>com.liferay.portlet.StrutsResourceBundle</resource-bundle>
		<security-role-ref>
			<role-name>power-user</role-name>
		</security-role-ref>
		<security-role-ref>
			<role-name>user</role-name>
		</security-role-ref>
	</portlet>
	<portlet>
		<portlet-name>31</portlet-name>
		<display-name>Media Gallery</display-name>
		<portlet-class>com.liferay.portlet.StrutsPortlet</portlet-class>
		<init-param>
			<name>config-template</name>
			<value>/html/portlet/image_gallery_display/configuration.jsp</value>
		</init-param>
		<init-param>
			<name>template-path</name>
			<value>/html/portlet/image_gallery_display/</value>
		</init-param>
		<init-param>
			<name>view-action</name>
			<value>/image_gallery_display/view</value>
		</init-param>
		<expiration-cache>0</expiration-cache>
		<supports>
			<mime-type>text/html</mime-type>
		</supports>
		<resource-bundle>com.liferay.portlet.StrutsResourceBundle</resource-bundle>
		<security-role-ref>
			<role-name>guest</role-name>
		</security-role-ref>
		<security-role-ref>
			<role-name>power-user</role-name>
		</security-role-ref>
		<security-role-ref>
			<role-name>user</role-name>
		</security-role-ref>
		<supported-public-render-parameter>categoryId</supported-public-render-parameter>
		<supported-public-render-parameter>resetCur</supported-public-render-parameter>
		<supported-public-render-parameter>tag</supported-public-render-parameter>
	</portlet>		
	<portlet>
		<portlet-name>49</portlet-name>
		<display-name>Site Redirector</display-name>
		<portlet-class>com.liferay.portlet.StrutsPortlet</portlet-class>
		<init-param>
			<name>template-path</name>
			<value>/html/portlet/my_sites/</value>
		</init-param>
		<init-param>
			<name>view-action</name>
			<value>/my_sites/view</value>
		</init-param>
		<expiration-cache>0</expiration-cache>
		<supports>
			<mime-type>text/html</mime-type>
		</supports>
		<resource-bundle>com.liferay.portlet.StrutsResourceBundle</resource-bundle>
		<security-role-ref>
			<role-name>power-user</role-name>
		</security-role-ref>
		<security-role-ref>
			<role-name>user</role-name>
		</security-role-ref>
	</portlet>
	<portlet>
		<portlet-name>56</portlet-name>
		<display-name>Journal Content</display-name>
		<portlet-class>com.liferay.portlet.StrutsPortlet</portlet-class>
		<init-param>
			<name>config-template</name>
			<value>/html/portlet/journal_content/configuration.jsp</value>
		</init-param>
		<init-param>
			<name>template-path</name>
			<value>/html/portlet/journal_content/</value>
		</init-param>
		<init-param>
			<name>view-action</name>
			<value>/journal_content/view</value>
		</init-param>
		<expiration-cache>0</expiration-cache>
		<supports>
			<mime-type>text/html</mime-type>
		</supports>
		<supports>
			<mime-type>application/vnd.wap.xhtml+xml</mime-type>
		</supports>
		<resource-bundle>com.liferay.portlet.StrutsResourceBundle</resource-bundle>
		<security-role-ref>
			<role-name>guest</role-name>
		</security-role-ref>
		<security-role-ref>
			<role-name>power-user</role-name>
		</security-role-ref>
		<security-role-ref>
			<role-name>user</role-name>
		</security-role-ref>
	</portlet>
	<portlet>
		<portlet-name>58</portlet-name>
		<display-name>Login</display-name>
		<portlet-class>com.liferay.portlet.StrutsPortlet</portlet-class>
		<init-param>
			<name>config-template</name>
			<value>/html/portlet/login/configuration.jsp</value>
		</init-param>
		<init-param>
			<name>template-path</name>
			<value>/html/portlet/login/</value>
		</init-param>
		<init-param>
			<name>view-action</name>
			<value>/login/login</value>
		</init-param>
		<expiration-cache>0</expiration-cache>
		<supports>
			<mime-type>text/html</mime-type>
		</supports>
		<resource-bundle>com.liferay.portlet.StrutsResourceBundle</resource-bundle>
		<security-role-ref>
			<role-name>guest</role-name>
		</security-role-ref>
		<security-role-ref>
			<role-name>power-user</role-name>
		</security-role-ref>
		<security-role-ref>
			<role-name>user</role-name>
		</security-role-ref>
	</portlet>
	<portlet>
		<portlet-name>59</portlet-name>
		<display-name>Polls Display</display-name>
		<portlet-class>com.liferay.portlet.StrutsPortlet</portlet-class>
		<init-param>
			<name>config-template</name>
			<value>/html/portlet/polls_display/configuration.jsp</value>
		</init-param>
		<init-param>
			<name>template-path</name>
			<value>/html/portlet/polls_display/</value>
		</init-param>
		<init-param>
			<name>view-action</name>
			<value>/polls_display/view</value>
		</init-param>
		<expiration-cache>0</expiration-cache>
		<supports>
			<mime-type>text/html</mime-type>
		</supports>
		<resource-bundle>com.liferay.portlet.StrutsResourceBundle</resource-bundle>
		<security-role-ref>
			<role-name>power-user</role-name>
		</security-role-ref>
		<security-role-ref>
			<role-name>user</role-name>
		</security-role-ref>
	</portlet>
	<portlet>
		<portlet-name>62</portlet-name>
		<display-name>Journal Articles</display-name>
		<portlet-class>com.liferay.portlet.StrutsPortlet</portlet-class>
		<init-param>
			<name>config-template</name>
			<value>/html/portlet/journal_articles/configuration.jsp</value>
		</init-param>
		<init-param>
			<name>template-path</name>
			<value>/html/portlet/journal_articles/</value>
		</init-param>
		<init-param>
			<name>view-action</name>
			<value>/journal_articles/view</value>
		</init-param>
		<expiration-cache>0</expiration-cache>
		<supports>
			<mime-type>text/html</mime-type>
		</supports>
		<resource-bundle>com.liferay.portlet.StrutsResourceBundle</resource-bundle>
		<security-role-ref>
			<role-name>power-user</role-name>
		</security-role-ref>
		<security-role-ref>
			<role-name>user</role-name>
		</security-role-ref>
	</portlet>
	<portlet>
		<portlet-name>64</portlet-name>
		<display-name>Recent Documents</display-name>
		<portlet-class>com.liferay.portlet.StrutsPortlet</portlet-class>
		<init-param>
			<name>template-path</name>
			<value>/html/portlet/recent_documents/</value>
		</init-param>
		<init-param>
			<name>view-action</name>
			<value>/recent_documents/view</value>
		</init-param>
		<expiration-cache>0</expiration-cache>
		<supports>
			<mime-type>text/html</mime-type>
		</supports>
		<resource-bundle>com.liferay.portlet.StrutsResourceBundle</resource-bundle>
		<security-role-ref>
			<role-name>guest</role-name>
		</security-role-ref>
		<security-role-ref>
			<role-name>power-user</role-name>
		</security-role-ref>
		<security-role-ref>
			<role-name>user</role-name>
		</security-role-ref>
	</portlet>
	<portlet>
		<portlet-name>70</portlet-name>
		<display-name>Password Generator</display-name>
		<portlet-class>com.liferay.util.bridges.mvc.MVCPortlet</portlet-class>
		<init-param>
			<name>template-path</name>
			<value>/html/portlet/password_generator/</value>
		</init-param>
		<init-param>
			<name>view-template</name>
			<value>/html/portlet/password_generator/view.jsp</value>
		</init-param>
		<expiration-cache>0</expiration-cache>
		<supports>
			<mime-type>text/html</mime-type>
		</supports>
		<resource-bundle>com.liferay.portlet.StrutsResourceBundle</resource-bundle>
		<security-role-ref>
			<role-name>power-user</role-name>
		</security-role-ref>
		<security-role-ref>
			<role-name>user</role-name>
		</security-role-ref>
	</portlet>
	<portlet>
		<portlet-name>71</portlet-name>
		<display-name>Navigation</display-name>
		<portlet-class>com.liferay.portlet.StrutsPortlet</portlet-class>
		<init-param>
			<name>config-template</name>
			<value>/html/portlet/navigation/configuration.jsp</value>
		</init-param>
		<init-param>
			<name>template-path</name>
			<value>/html/portlet/navigation/</value>
		</init-param>
		<init-param>
			<name>view-action</name>
			<value>/navigation/view</value>
		</init-param>
		<expiration-cache>0</expiration-cache>
		<supports>
			<mime-type>text/html</mime-type>
		</supports>
		<resource-bundle>com.liferay.portlet.StrutsResourceBundle</resource-bundle>
		<security-role-ref>
			<role-name>guest</role-name>
		</security-role-ref>
		<security-role-ref>
			<role-name>power-user</role-name>
		</security-role-ref>
		<security-role-ref>
			<role-name>user</role-name>
		</security-role-ref>
	</portlet>
	<portlet>
		<portlet-name>73</portlet-name>
		<display-name>Breadcrumb</display-name>
		<portlet-class>com.liferay.portlet.StrutsPortlet</portlet-class>
		<init-param>
			<name>config-template</name>
			<value>/html/portlet/breadcrumb/configuration.jsp</value>
		</init-param>
		<init-param>
			<name>template-path</name>
			<value>/html/portlet/breadcrumb/</value>
		</init-param>
		<init-param>
			<name>view-action</name>
			<value>/breadcrumb/view</value>
		</init-param>
		<expiration-cache>0</expiration-cache>
		<supports>
			<mime-type>text/html</mime-type>
		</supports>
		<resource-bundle>com.liferay.portlet.StrutsResourceBundle</resource-bundle>
		<security-role-ref>
			<role-name>guest</role-name>
		</security-role-ref>
		<security-role-ref>
			<role-name>power-user</role-name>
		</security-role-ref>
		<security-role-ref>
			<role-name>user</role-name>
		</security-role-ref>
	</portlet>
	<portlet>
		<portlet-name>77</portlet-name>
		<display-name>Journal Content Search</display-name>
		<portlet-class>com.liferay.portlet.StrutsPortlet</portlet-class>
		<init-param>
			<name>config-template</name>
			<value>/html/portlet/journal_content_search/configuration.jsp</value>
		</init-param>
		<init-param>
			<name>template-path</name>
			<value>/html/portlet/journal_content_search/</value>
		</init-param>
		<init-param>
			<name>view-action</name>
			<value>/journal_content_search/view</value>
		</init-param>
		<expiration-cache>0</expiration-cache>
		<supports>
			<mime-type>text/html</mime-type>
		</supports>
		<resource-bundle>com.liferay.portlet.StrutsResourceBundle</resource-bundle>
		<security-role-ref>
			<role-name>guest</role-name>
		</security-role-ref>
		<security-role-ref>
			<role-name>power-user</role-name>
		</security-role-ref>
		<security-role-ref>
			<role-name>user</role-name>
		</security-role-ref>
	</portlet>
	<portlet>
		<portlet-name>82</portlet-name>
		<display-name>Language</display-name>
		<portlet-class>com.liferay.portlet.StrutsPortlet</portlet-class>
		<init-param>
			<name>config-template</name>
			<value>/html/portlet/language/configuration.jsp</value>
		</init-param>
		<init-param>
			<name>template-path</name>
			<value>/html/portlet/language/</value>
		</init-param>
		<init-param>
			<name>view-action</name>
			<value>/language/view</value>
		</init-param>
		<expiration-cache>0</expiration-cache>
		<supports>
			<mime-type>text/html</mime-type>
		</supports>
		<resource-bundle>com.liferay.portlet.StrutsResourceBundle</resource-bundle>
		<security-role-ref>
			<role-name>guest</role-name>
		</security-role-ref>
		<security-role-ref>
			<role-name>power-user</role-name>
		</security-role-ref>
		<security-role-ref>
			<role-name>user</role-name>
		</security-role-ref>
	</portlet>	
	<portlet>
		<portlet-name>85</portlet-name>
		<display-name>Site Map</display-name>
		<portlet-class>com.liferay.portlet.StrutsPortlet</portlet-class>
		<init-param>
			<name>config-template</name>
			<value>/html/portlet/site_map/configuration.jsp</value>
		</init-param>
		<init-param>
			<name>template-path</name>
			<value>/html/portlet/site_map/</value>
		</init-param>
		<init-param>
			<name>view-action</name>
			<value>/site_map/view</value>
		</init-param>
		<expiration-cache>0</expiration-cache>
		<supports>
			<mime-type>text/html</mime-type>
		</supports>
		<resource-bundle>com.liferay.portlet.StrutsResourceBundle</resource-bundle>
		<security-role-ref>
			<role-name>guest</role-name>
		</security-role-ref>
		<security-role-ref>
			<role-name>power-user</role-name>
		</security-role-ref>
		<security-role-ref>
			<role-name>user</role-name>
		</security-role-ref>
	</portlet>
	<portlet>
		<portlet-name>86</portlet-name>
		<display-name>Portlet Configuration</display-name>
		<portlet-class>com.liferay.portlet.StrutsPortlet</portlet-class>
		<init-param>
			<name>template-path</name>
			<value>/html/portlet/portlet_configuration/</value>
		</init-param>
		<expiration-cache>0</expiration-cache>
		<supports>
			<mime-type>text/html</mime-type>
		</supports>
		<resource-bundle>com.liferay.portlet.StrutsResourceBundle</resource-bundle>
	</portlet>
	<portlet>
		<portlet-name>87</portlet-name>
		<display-name>Layout Configuration</display-name>
		<portlet-class>com.liferay.portlet.StrutsPortlet</portlet-class>
		<init-param>
			<name>template-path</name>
			<value>/html/portlet/layout_configuration/</value>
		</init-param>
		<init-param>
			<name>view-action</name>
			<value>/layout_configuration/view</value>
		</init-param>
		<expiration-cache>0</expiration-cache>
		<supports>
			<mime-type>text/html</mime-type>
		</supports>
		<resource-bundle>com.liferay.portlet.StrutsResourceBundle</resource-bundle>
	</portlet>
	<portlet>
		<portlet-name>88</portlet-name>
		<display-name>Layouts Admin</display-name>
		<portlet-class>com.liferay.portlet.StrutsPortlet</portlet-class>
		<init-param>
			<name>template-path</name>
			<value>/html/portlet/layouts_admin/</value>
		</init-param>
		<init-param>
			<name>view-action</name>
			<value>/layouts_admin/edit_layouts</value>
		</init-param>
		<expiration-cache>0</expiration-cache>
		<supports>
			<mime-type>text/html</mime-type>
		</supports>
		<resource-bundle>com.liferay.portlet.StrutsResourceBundle</resource-bundle>
		<security-role-ref>
			<role-name>administrator</role-name>
		</security-role-ref>
	</portlet>
	<portlet>
		<portlet-name>90</portlet-name>
		<display-name>Portal</display-name>
		<portlet-class>com.liferay.portlet.StrutsPortlet</portlet-class>
		<init-param>
			<name>template-path</name>
			<value>/html/portal/</value>
		</init-param>
		<expiration-cache>0</expiration-cache>
		<supports>
			<mime-type>text/html</mime-type>
		</supports>
		<resource-bundle>com.liferay.portlet.StrutsResourceBundle</resource-bundle>
	</portlet>
	<portlet>
		<portlet-name>99</portlet-name>
		<display-name>Asset Tag Admin</display-name>
		<portlet-class>com.liferay.portlet.StrutsPortlet</portlet-class>
		<init-param>
			<name>template-path</name>
			<value>/html/portlet/asset_tag_admin/</value>
		</init-param>
		<init-param>
			<name>view-action</name>
			<value>/asset_tag_admin/view</value>
		</init-param>
		<expiration-cache>0</expiration-cache>
		<supports>
			<mime-type>text/html</mime-type>
		</supports>
		<resource-bundle>com.liferay.portlet.StrutsResourceBundle</resource-bundle>
		<security-role-ref>
			<role-name>administrator</role-name>
		</security-role-ref>
	</portlet>
	<portlet>
		<portlet-name>101</portlet-name>
		<display-name>Asset Publisher</display-name>
		<portlet-class>com.liferay.portlet.StrutsPortlet</portlet-class>
		<init-param>
			<name>config-template</name>
			<value>/html/portlet/asset_publisher/configuration.jsp</value>
		</init-param>
		<init-param>
			<name>template-path</name>
			<value>/html/portlet/asset_publisher/</value>
		</init-param>
		<init-param>
			<name>view-action</name>
			<value>/asset_publisher/view</value>
		</init-param>
		<init-param>
			<name>check-auth-token</name>
			<value>false</value>
		</init-param>
		<expiration-cache>0</expiration-cache>
		<supports>
			<mime-type>text/html</mime-type>
		</supports>
		<resource-bundle>com.liferay.portlet.StrutsResourceBundle</resource-bundle>
		<security-role-ref>
			<role-name>guest</role-name>
		</security-role-ref>
		<security-role-ref>
			<role-name>power-user</role-name>
		</security-role-ref>
		<security-role-ref>
			<role-name>user</role-name>
		</security-role-ref>
		<supported-public-render-parameter>categoryId</supported-public-render-parameter>
		<supported-public-render-parameter>resetCur</supported-public-render-parameter>
		<supported-public-render-parameter>tag</supported-public-render-parameter>
	</portlet>
	<portlet>
		<portlet-name>103</portlet-name>
		<display-name>Tags Compiler</display-name>
		<portlet-class>com.liferay.portlet.tagscompiler.TagsCompilerPortlet</portlet-class>
		<expiration-cache>0</expiration-cache>
		<supports>
			<mime-type>text/html</mime-type>
		</supports>
		<resource-bundle>com.liferay.portlet.StrutsResourceBundle</resource-bundle>
	</portlet>
	<portlet>
		<portlet-name>104</portlet-name>
		<display-name>Update Manager</display-name>
		<portlet-class>com.liferay.portlet.StrutsPortlet</portlet-class>
		<init-param>
			<name>template-path</name>
			<value>/html/portlet/update_manager/</value>
		</init-param>
		<init-param>
			<name>view-action</name>
			<value>/update_manager/view</value>
		</init-param>
		<expiration-cache>0</expiration-cache>
		<supports>
			<mime-type>text/html</mime-type>
		</supports>
		<resource-bundle>com.liferay.portlet.StrutsResourceBundle</resource-bundle>
		<security-role-ref>
			<role-name>administrator</role-name>
		</security-role-ref>
	</portlet>
	<portlet>
		<portlet-name>108</portlet-name>
		<display-name>Page Ratings</display-name>
		<portlet-class>com.liferay.portlet.StrutsPortlet</portlet-class>
		<init-param>
			<name>template-path</name>
			<value>/html/portlet/page_ratings/</value>
		</init-param>
		<init-param>
			<name>view-action</name>
			<value>/page_ratings/view</value>
		</init-param>
		<expiration-cache>0</expiration-cache>
		<supports>
			<mime-type>text/html</mime-type>
		</supports>
		<resource-bundle>com.liferay.portlet.StrutsResourceBundle</resource-bundle>
		<security-role-ref>
			<role-name>power-user</role-name>
		</security-role-ref>
		<security-role-ref>
			<role-name>user</role-name>
		</security-role-ref>
	</portlet>
	<portlet>
		<portlet-name>110</portlet-name>
		<display-name>Documents and Media Display</display-name>
		<portlet-class>com.liferay.portlet.StrutsPortlet</portlet-class>
		<init-param>
			<name>config-template</name>
			<value>/html/portlet/document_library_display/configuration.jsp</value>
		</init-param>
		<init-param>
			<name>template-path</name>
			<value>/html/portlet/document_library_display/</value>
		</init-param>
		<init-param>
			<name>view-action</name>
			<value>/document_library_display/view</value>
		</init-param>
		<expiration-cache>0</expiration-cache>
		<supports>
			<mime-type>text/html</mime-type>
		</supports>
		<resource-bundle>com.liferay.portlet.StrutsResourceBundle</resource-bundle>
		<portlet-preferences>
			<preference>
				<name>fileEntryColumns</name>
				<value>name,size</value>
			</preference>
			<preference>
				<name>folderColumns</name>
				<value>folder,num-of-folders,num-of-documents</value>
			</preference>
			<preference>
				<name>showFoldersSearch</name>
				<value>false</value>
			</preference>
			<preference>
				<name>showSubfolders</name>
				<value>true</value>
			</preference>
		</portlet-preferences>
		<security-role-ref>
			<role-name>power-user</role-name>
		</security-role-ref>
		<security-role-ref>
			<role-name>user</role-name>
		</security-role-ref>
		<supported-public-render-parameter>categoryId</supported-public-render-parameter>
		<supported-public-render-parameter>resetCur</supported-public-render-parameter>
		<supported-public-render-parameter>tag</supported-public-render-parameter>
	</portlet>
	<portlet>
		<portlet-name>111</portlet-name>
		<display-name>Plugin Installer</display-name>
		<portlet-class>com.liferay.portlet.StrutsPortlet</portlet-class>
		<init-param>
			<name>template-path</name>
			<value>/html/portlet/plugin_installer/</value>
		</init-param>
		<init-param>
			<name>view-action</name>
			<value>/plugin_installer/view</value>
		</init-param>
		<expiration-cache>0</expiration-cache>
		<supports>
			<mime-type>text/html</mime-type>
		</supports>
		<resource-bundle>com.liferay.portlet.StrutsResourceBundle</resource-bundle>
		<security-role-ref>
			<role-name>administrator</role-name>
		</security-role-ref>
	</portlet>
	<portlet>
		<portlet-name>113</portlet-name>
		<display-name>Portlet CSS</display-name>
		<portlet-class>com.liferay.portlet.StrutsPortlet</portlet-class>
		<init-param>
			<name>template-path</name>
			<value>/html/portlet/portlet_css/</value>
		</init-param>
		<init-param>
			<name>view-action</name>
			<value>/portlet_css/view</value>
		</init-param>
		<expiration-cache>0</expiration-cache>
		<supports>
			<mime-type>text/html</mime-type>
		</supports>
		<resource-bundle>com.liferay.portlet.StrutsResourceBundle</resource-bundle>
	</portlet>	
	<portlet>
		<portlet-name>119</portlet-name>
		<display-name>Asset</display-name>
		<portlet-class>com.liferay.portlet.StrutsPortlet</portlet-class>
		<init-param>
			<name>template-path</name>
			<value>/html/portlet/asset/</value>
		</init-param>
		<expiration-cache>0</expiration-cache>
		<supports>
			<mime-type>text/html</mime-type>
		</supports>
		<portlet-info>
			<title>Asset</title>
			<short-title>Asset</short-title>
			<keywords>Asset</keywords>
		</portlet-info>
		<security-role-ref>
			<role-name>power-user</role-name>
		</security-role-ref>
		<security-role-ref>
			<role-name>user</role-name>
		</security-role-ref>
	</portlet>	
	<portlet>
		<portlet-name>122</portlet-name>
		<display-name>Asset Categories Navigation</display-name>
		<portlet-class>com.liferay.portlet.StrutsPortlet</portlet-class>
		<init-param>
			<name>config-template</name>
			<value>/html/portlet/asset_categories_navigation/configuration.jsp</value>
		</init-param>
		<init-param>
			<name>template-path</name>
			<value>/html/portlet/asset_categories_navigation/</value>
		</init-param>
		<init-param>
			<name>view-action</name>
			<value>/asset_categories_navigation/view</value>
		</init-param>
		<expiration-cache>0</expiration-cache>
		<supports>
			<mime-type>text/html</mime-type>
		</supports>
		<resource-bundle>com.liferay.portlet.StrutsResourceBundle</resource-bundle>
		<security-role-ref>
			<role-name>guest</role-name>
		</security-role-ref>
		<security-role-ref>
			<role-name>power-user</role-name>
		</security-role-ref>
		<security-role-ref>
			<role-name>user</role-name>
		</security-role-ref>
		<supported-public-render-parameter>categoryId</supported-public-render-parameter>
		<supported-public-render-parameter>resetCur</supported-public-render-parameter>
	</portlet>
	<portlet>
		<portlet-name>125</portlet-name>
		<display-name>Users Admin</display-name>
		<portlet-class>com.liferay.portlet.StrutsPortlet</portlet-class>
		<init-param>
			<name>template-path</name>
			<value>/html/portlet/users_admin/</value>
		</init-param>
		<init-param>
			<name>view-action</name>
			<value>/users_admin/view</value>
		</init-param>
		<expiration-cache>0</expiration-cache>
		<supports>
			<mime-type>text/html</mime-type>
		</supports>
		<resource-bundle>com.liferay.portlet.StrutsResourceBundle</resource-bundle>
		<security-role-ref>
			<role-name>administrator</role-name>
		</security-role-ref>
	</portlet>
	<portlet>
		<portlet-name>127</portlet-name>
		<display-name>User Groups Admin</display-name>
		<portlet-class>com.liferay.portlet.StrutsPortlet</portlet-class>
		<init-param>
			<name>template-path</name>
			<value>/html/portlet/user_groups_admin/</value>
		</init-param>
		<init-param>
			<name>view-action</name>
			<value>/user_groups_admin/view</value>
		</init-param>
		<expiration-cache>0</expiration-cache>
		<supports>
			<mime-type>text/html</mime-type>
		</supports>
		<resource-bundle>com.liferay.portlet.StrutsResourceBundle</resource-bundle>
		<security-role-ref>
			<role-name>administrator</role-name>
		</security-role-ref>
	</portlet>
	<portlet>
		<portlet-name>128</portlet-name>
		<display-name>Roles Admin</display-name>
		<portlet-class>com.liferay.portlet.StrutsPortlet</portlet-class>
		<init-param>
			<name>template-path</name>
			<value>/html/portlet/roles_admin/</value>
		</init-param>
		<init-param>
			<name>view-action</name>
			<value>/roles_admin/view</value>
		</init-param>
		<expiration-cache>0</expiration-cache>
		<supports>
			<mime-type>text/html</mime-type>
		</supports>
		<resource-bundle>com.liferay.portlet.StrutsResourceBundle</resource-bundle>
		<security-role-ref>
			<role-name>administrator</role-name>
		</security-role-ref>
	</portlet>
	<portlet>
		<portlet-name>129</portlet-name>
		<display-name>Password Policies Admin</display-name>
		<portlet-class>com.liferay.portlet.StrutsPortlet</portlet-class>
		<init-param>
			<name>template-path</name>
			<value>/html/portlet/password_policies_admin/</value>
		</init-param>
		<init-param>
			<name>view-action</name>
			<value>/password_policies_admin/view</value>
		</init-param>
		<expiration-cache>0</expiration-cache>
		<supports>
			<mime-type>text/html</mime-type>
		</supports>
		<resource-bundle>com.liferay.portlet.StrutsResourceBundle</resource-bundle>
		<security-role-ref>
			<role-name>administrator</role-name>
		</security-role-ref>
	</portlet>
	<portlet>
		<portlet-name>130</portlet-name>
		<display-name>Portal Settings</display-name>
		<portlet-class>com.liferay.portlet.StrutsPortlet</portlet-class>
		<init-param>
			<name>template-path</name>
			<value>/html/portlet/portal_settings/</value>
		</init-param>
		<init-param>
			<name>view-action</name>
			<value>/portal_settings/view</value>
		</init-param>
		<expiration-cache>0</expiration-cache>
		<supports>
			<mime-type>text/html</mime-type>
		</supports>
		<resource-bundle>com.liferay.portlet.StrutsResourceBundle</resource-bundle>
		<security-role-ref>
			<role-name>administrator</role-name>
		</security-role-ref>
	</portlet>
	<portlet>
		<portlet-name>131</portlet-name>
		<display-name>Monitoring</display-name>
		<portlet-class>com.liferay.portlet.StrutsPortlet</portlet-class>
		<init-param>
			<name>template-path</name>
			<value>/html/portlet/monitoring/</value>
		</init-param>
		<init-param>
			<name>view-action</name>
			<value>/monitoring/view</value>
		</init-param>
		<expiration-cache>0</expiration-cache>
		<supports>
			<mime-type>text/html</mime-type>
		</supports>
		<resource-bundle>com.liferay.portlet.StrutsResourceBundle</resource-bundle>
		<security-role-ref>
			<role-name>administrator</role-name>
		</security-role-ref>
	</portlet>
	<portlet>
		<portlet-name>132</portlet-name>
		<display-name>Plugins Admin</display-name>
		<portlet-class>com.liferay.portlet.StrutsPortlet</portlet-class>
		<init-param>
			<name>template-path</name>
			<value>/html/portlet/plugins_admin/</value>
		</init-param>
		<init-param>
			<name>view-action</name>
			<value>/plugins_admin/view</value>
		</init-param>
		<expiration-cache>0</expiration-cache>
		<supports>
			<mime-type>text/html</mime-type>
		</supports>
		<resource-bundle>com.liferay.portlet.StrutsResourceBundle</resource-bundle>
		<security-role-ref>
			<role-name>administrator</role-name>
		</security-role-ref>
	</portlet>
	<portlet>
		<portlet-name>133</portlet-name>
		<display-name>Portlet Sharing</display-name>
		<portlet-class>com.liferay.portlet.StrutsPortlet</portlet-class>
		<init-param>
			<name>template-path</name>
			<value>/html/portlet/portlet_sharing/</value>
		</init-param>
		<init-param>
			<name>view-action</name>
			<value>/portlet_sharing/view</value>
		</init-param>
		<expiration-cache>0</expiration-cache>
		<supports>
			<mime-type>text/html</mime-type>
		</supports>
		<resource-bundle>com.liferay.portlet.StrutsResourceBundle</resource-bundle>
	</portlet>
	<portlet>
		<portlet-name>134</portlet-name>
		<display-name>Sites Admin</display-name>
		<portlet-class>com.liferay.portlet.StrutsPortlet</portlet-class>
		<init-param>
			<name>template-path</name>
			<value>/html/portlet/sites_admin/</value>
		</init-param>
		<init-param>
			<name>view-action</name>
			<value>/sites_admin/view</value>
		</init-param>
		<expiration-cache>0</expiration-cache>
		<supports>
			<mime-type>text/html</mime-type>
		</supports>
		<resource-bundle>com.liferay.portlet.StrutsResourceBundle</resource-bundle>
		<security-role-ref>
			<role-name>administrator</role-name>
		</security-role-ref>
	</portlet>
	<portlet>
		<portlet-name>135</portlet-name>
		<display-name>Admin Instances</display-name>
		<portlet-class>com.liferay.portlet.StrutsPortlet</portlet-class>
		<init-param>
			<name>template-path</name>
			<value>/html/portlet/admin/</value>
		</init-param>
		<init-param>
			<name>view-action</name>
			<value>/admin_instances/view</value>
		</init-param>
		<expiration-cache>0</expiration-cache>
		<supports>
			<mime-type>text/html</mime-type>
		</supports>
		<resource-bundle>com.liferay.portlet.StrutsResourceBundle</resource-bundle>
		<security-role-ref>
			<role-name>administrator</role-name>
		</security-role-ref>
	</portlet>
	<portlet>
		<portlet-name>136</portlet-name>
		<display-name>Admin Plugins</display-name>
		<portlet-class>com.liferay.portlet.StrutsPortlet</portlet-class>
		<init-param>
			<name>template-path</name>
			<value>/html/portlet/admin/</value>
		</init-param>
		<init-param>
			<name>view-action</name>
			<value>/admin_plugins/view</value>
		</init-param>
		<expiration-cache>0</expiration-cache>
		<supports>
			<mime-type>text/html</mime-type>
		</supports>
		<resource-bundle>com.liferay.portlet.StrutsResourceBundle</resource-bundle>
		<security-role-ref>
			<role-name>administrator</role-name>
		</security-role-ref>
	</portlet>
	<portlet>
		<portlet-name>137</portlet-name>
		<display-name>Admin Server</display-name>
		<portlet-class>com.liferay.portlet.StrutsPortlet</portlet-class>
		<init-param>
			<name>template-path</name>
			<value>/html/portlet/admin/</value>
		</init-param>
		<init-param>
			<name>view-action</name>
			<value>/admin_server/view</value>
		</init-param>
		<expiration-cache>0</expiration-cache>
		<supports>
			<mime-type>text/html</mime-type>
		</supports>
		<resource-bundle>com.liferay.portlet.StrutsResourceBundle</resource-bundle>
		<security-role-ref>
			<role-name>administrator</role-name>
		</security-role-ref>
	</portlet>
	<portlet>
		<portlet-name>139</portlet-name>
		<display-name>Expando</display-name>
		<portlet-class>com.liferay.portlet.StrutsPortlet</portlet-class>
		<init-param>
			<name>template-path</name>
			<value>/html/portlet/expando/</value>
		</init-param>
		<init-param>
			<name>view-action</name>
			<value>/expando/view</value>
		</init-param>
		<expiration-cache>0</expiration-cache>
		<supports>
			<mime-type>text/html</mime-type>
		</supports>
		<resource-bundle>com.liferay.portlet.StrutsResourceBundle</resource-bundle>
	</portlet>
	<portlet>
		<portlet-name>140</portlet-name>
		<display-name>My Pages</display-name>
		<portlet-class>com.liferay.portlet.StrutsPortlet</portlet-class>
		<init-param>
			<name>template-path</name>
			<value>/html/portlet/layouts_admin/</value>
		</init-param>
		<init-param>
			<name>view-action</name>
			<value>/my_pages/view</value>
		</init-param>
		<expiration-cache>0</expiration-cache>
		<supports>
			<mime-type>text/html</mime-type>
		</supports>
		<resource-bundle>com.liferay.portlet.StrutsResourceBundle</resource-bundle>
	</portlet>
	<portlet>
		<portlet-name>141</portlet-name>
		<display-name>Asset Tags Navigation</display-name>
		<portlet-class>com.liferay.portlet.StrutsPortlet</portlet-class>
		<init-param>
			<name>config-template</name>
			<value>/html/portlet/asset_tags_navigation/configuration.jsp</value>
		</init-param>
		<init-param>
			<name>template-path</name>
			<value>/html/portlet/asset_tags_navigation/</value>
		</init-param>
		<init-param>
			<name>view-action</name>
			<value>/asset_tags_navigation/view</value>
		</init-param>
		<expiration-cache>0</expiration-cache>
		<supports>
			<mime-type>text/html</mime-type>
		</supports>
		<resource-bundle>com.liferay.portlet.StrutsResourceBundle</resource-bundle>
		<security-role-ref>
			<role-name>guest</role-name>
		</security-role-ref>
		<security-role-ref>
			<role-name>power-user</role-name>
		</security-role-ref>
		<security-role-ref>
			<role-name>user</role-name>
		</security-role-ref>
		<supported-public-render-parameter>resetCur</supported-public-render-parameter>
		<supported-public-render-parameter>tag</supported-public-render-parameter>
	</portlet>
	<portlet>
		<portlet-name>144</portlet-name>
		<display-name>Ratings</display-name>
		<portlet-class>com.liferay.portlet.StrutsPortlet</portlet-class>
		<init-param>
			<name>template-path</name>
			<value>/html/portlet/ratings/</value>
		</init-param>
		<init-param>
			<name>view-action</name>
			<value>/ratings/rate_entry</value>
		</init-param>
		<expiration-cache>0</expiration-cache>
		<supports>
			<mime-type>text/html</mime-type>
		</supports>
		<resource-bundle>com.liferay.portlet.StrutsResourceBundle</resource-bundle>
		<security-role-ref>
			<role-name>guest</role-name>
		</security-role-ref>
		<security-role-ref>
			<role-name>power-user</role-name>
		</security-role-ref>
		<security-role-ref>
			<role-name>user</role-name>
		</security-role-ref>
	</portlet>
	<portlet>
		<portlet-name>145</portlet-name>
		<display-name>Dockbar</display-name>
		<portlet-class>com.liferay.portlet.StrutsPortlet</portlet-class>
		<init-param>
			<name>template-path</name>
			<value>/html/portlet/dockbar/</value>
		</init-param>
		<init-param>
			<name>view-action</name>
			<value>/dockbar/view</value>
		</init-param>
		<expiration-cache>0</expiration-cache>
		<supports>
			<mime-type>text/html</mime-type>
		</supports>
		<resource-bundle>com.liferay.portlet.StrutsResourceBundle</resource-bundle>
		<security-role-ref>
			<role-name>power-user</role-name>
		</security-role-ref>
		<security-role-ref>
			<role-name>user</role-name>
		</security-role-ref>
	</portlet>
	<portlet>
		<portlet-name>146</portlet-name>
		<display-name>Page Templates</display-name>
		<portlet-class>com.liferay.portlet.StrutsPortlet</portlet-class>
		<init-param>
			<name>template-path</name>
			<value>/html/portlet/layout_prototypes/</value>
		</init-param>
		<init-param>
			<name>view-action</name>
			<value>/layout_prototypes/view</value>
		</init-param>
		<expiration-cache>0</expiration-cache>
		<supports>
			<mime-type>text/html</mime-type>
		</supports>
		<resource-bundle>com.liferay.portlet.StrutsResourceBundle</resource-bundle>
		<security-role-ref>
			<role-name>administrator</role-name>
		</security-role-ref>
	</portlet>
	<portlet>
		<portlet-name>147</portlet-name>
		<display-name>Asset Category Admin</display-name>
		<portlet-class>com.liferay.portlet.StrutsPortlet</portlet-class>
		<init-param>
			<name>template-path</name>
			<value>/html/portlet/asset_category_admin/</value>
		</init-param>
		<init-param>
			<name>view-action</name>
			<value>/asset_category_admin/view</value>
		</init-param>
		<expiration-cache>0</expiration-cache>
		<supports>
			<mime-type>text/html</mime-type>
		</supports>
		<resource-bundle>com.liferay.portlet.StrutsResourceBundle</resource-bundle>
		<security-role-ref>
			<role-name>administrator</role-name>
		</security-role-ref>
	</portlet>
	<portlet>
		<portlet-name>148</portlet-name>
		<display-name>Asset Tags Cloud</display-name>
		<portlet-class>com.liferay.portlet.StrutsPortlet</portlet-class>
		<init-param>
			<name>config-template</name>
			<value>/html/portlet/asset_tags_navigation/configuration.jsp</value>
		</init-param>
		<init-param>
			<name>template-path</name>
			<value>/html/portlet/asset_tags_navigation/</value>
		</init-param>
		<init-param>
			<name>view-action</name>
			<value>/asset_tags_cloud/view</value>
		</init-param>
		<expiration-cache>0</expiration-cache>
		<supports>
			<mime-type>text/html</mime-type>
		</supports>
		<resource-bundle>com.liferay.portlet.StrutsResourceBundle</resource-bundle>
		<portlet-preferences>
			<preference>
				<name>classNameId</name>
				<value>0</value>
			</preference>
			<preference>
				<name>displayStyle</name>
				<value>cloud</value>
			</preference>
			<preference>
				<name>maxAssetTags</name>
				<value>10</value>
			</preference>
			<preference>
				<name>showAssetCount</name>
				<value>true</value>
			</preference>
			<preference>
				<name>showZeroAssetCount</name>
				<value>false</value>
			</preference>
		</portlet-preferences>
		<security-role-ref>
			<role-name>guest</role-name>
		</security-role-ref>
		<security-role-ref>
			<role-name>power-user</role-name>
		</security-role-ref>
		<security-role-ref>
			<role-name>user</role-name>
		</security-role-ref>
		<supported-public-render-parameter>resetCur</supported-public-render-parameter>
		<supported-public-render-parameter>tag</supported-public-render-parameter>
	</portlet>
	<portlet>
		<portlet-name>149</portlet-name>
		<display-name>Site Templates</display-name>
		<portlet-class>com.liferay.portlet.StrutsPortlet</portlet-class>
		<init-param>
			<name>template-path</name>
			<value>/html/portlet/layout_set_prototypes/</value>
		</init-param>
		<init-param>
			<name>view-action</name>
			<value>/layout_set_prototypes/view</value>
		</init-param>
		<expiration-cache>0</expiration-cache>
		<supports>
			<mime-type>text/html</mime-type>
		</supports>
		<resource-bundle>com.liferay.portlet.StrutsResourceBundle</resource-bundle>
		<security-role-ref>
			<role-name>administrator</role-name>
		</security-role-ref>
	</portlet>
	<portlet>
		<portlet-name>150</portlet-name>
		<display-name>Workflow Tasks</display-name>
		<portlet-class>com.liferay.portlet.StrutsPortlet</portlet-class>
		<init-param>
			<name>template-path</name>
			<value>/html/portlet/workflow_tasks/</value>
		</init-param>
		<init-param>
			<name>view-action</name>
			<value>/workflow_tasks/view</value>
		</init-param>
		<expiration-cache>0</expiration-cache>
		<supports>
			<mime-type>text/html</mime-type>
		</supports>
		<resource-bundle>com.liferay.portlet.StrutsResourceBundle</resource-bundle>
		<security-role-ref>
			<role-name>administrator</role-name>
		</security-role-ref>
	</portlet>
	<portlet>
		<portlet-name>151</portlet-name>
		<display-name>Workflow</display-name>
		<portlet-class>com.liferay.portlet.StrutsPortlet</portlet-class>
		<init-param>
			<name>template-path</name>
			<value>/html/portlet/workflow_definitions/</value>
		</init-param>
		<init-param>
			<name>view-action</name>
			<value>/workflow_definitions/view</value>
		</init-param>
		<expiration-cache>0</expiration-cache>
		<supports>
			<mime-type>text/html</mime-type>
		</supports>
		<resource-bundle>com.liferay.portlet.StrutsResourceBundle</resource-bundle>
		<security-role-ref>
			<role-name>administrator</role-name>
		</security-role-ref>
	</portlet>
	<portlet>
		<portlet-name>152</portlet-name>
		<display-name>Workflow Configuration</display-name>
		<portlet-class>com.liferay.portlet.StrutsPortlet</portlet-class>
		<init-param>
			<name>template-path</name>
			<value>/html/portlet/workflow_definition_links/</value>
		</init-param>
		<init-param>
			<name>view-action</name>
			<value>/workflow_definition_links/view</value>
		</init-param>
		<expiration-cache>0</expiration-cache>
		<supports>
			<mime-type>text/html</mime-type>
		</supports>
		<resource-bundle>com.liferay.portlet.StrutsResourceBundle</resource-bundle>
		<security-role-ref>
			<role-name>power-user</role-name>
		</security-role-ref>
		<security-role-ref>
			<role-name>user</role-name>
		</security-role-ref>
	</portlet>
	<portlet>
		<portlet-name>153</portlet-name>
		<display-name>My Workflow Tasks</display-name>
		<portlet-class>com.liferay.portlet.StrutsPortlet</portlet-class>
		<init-param>
			<name>template-path</name>
			<value>/html/portlet/workflow_tasks/</value>
		</init-param>
		<init-param>
			<name>view-action</name>
			<value>/my_workflow_tasks/view</value>
		</init-param>
		<expiration-cache>0</expiration-cache>
		<supports>
			<mime-type>text/html</mime-type>
		</supports>
		<resource-bundle>com.liferay.portlet.StrutsResourceBundle</resource-bundle>
		<security-role-ref>
			<role-name>power-user</role-name>
		</security-role-ref>
		<security-role-ref>
			<role-name>user</role-name>
		</security-role-ref>
	</portlet>
	<portlet>
		<portlet-name>156</portlet-name>
		<display-name>Group Pages</display-name>
		<portlet-class>com.liferay.portlet.StrutsPortlet</portlet-class>
		<init-param>
			<name>template-path</name>
			<value>/html/portlet/layouts_admin/</value>
		</init-param>
		<init-param>
			<name>view-action</name>
			<value>/group_pages/edit_layouts</value>
		</init-param>
		<expiration-cache>0</expiration-cache>
		<supports>
			<mime-type>text/html</mime-type>
		</supports>
		<resource-bundle>com.liferay.portlet.StrutsResourceBundle</resource-bundle>
	</portlet>
	<portlet>
		<portlet-name>157</portlet-name>
		<display-name>Workflow Instances</display-name>
		<portlet-class>com.liferay.portlet.StrutsPortlet</portlet-class>
		<init-param>
			<name>template-path</name>
			<value>/html/portlet/workflow_instances/</value>
		</init-param>
		<init-param>
			<name>view-action</name>
			<value>/workflow_instances/view</value>
		</init-param>
		<expiration-cache>0</expiration-cache>
		<supports>
			<mime-type>text/html</mime-type>
		</supports>
		<resource-bundle>com.liferay.portlet.StrutsResourceBundle</resource-bundle>
		<security-role-ref>
			<role-name>power-user</role-name>
		</security-role-ref>
		<security-role-ref>
			<role-name>user</role-name>
		</security-role-ref>
	</portlet>
	<portlet>
		<portlet-name>158</portlet-name>
		<display-name>My Workflow Instances</display-name>
		<portlet-class>com.liferay.portlet.StrutsPortlet</portlet-class>
		<init-param>
			<name>template-path</name>
			<value>/html/portlet/workflow_instances/</value>
		</init-param>
		<init-param>
			<name>view-action</name>
			<value>/my_workflow_instances/view</value>
		</init-param>
		<expiration-cache>0</expiration-cache>
		<supports>
			<mime-type>text/html</mime-type>
		</supports>
		<resource-bundle>com.liferay.portlet.StrutsResourceBundle</resource-bundle>
		<security-role-ref>
			<role-name>power-user</role-name>
		</security-role-ref>
		<security-role-ref>
			<role-name>user</role-name>
		</security-role-ref>
	</portlet>
	<portlet>
		<portlet-name>160</portlet-name>
		<display-name>Control Panel Menu</display-name>
		<portlet-class>com.liferay.portlet.StrutsPortlet</portlet-class>
		<init-param>
			<name>template-path</name>
			<value>/html/portlet/control_panel_menu/</value>
		</init-param>
		<init-param>
			<name>view-action</name>
			<value>/control_panel_menu/view</value>
		</init-param>
		<expiration-cache>0</expiration-cache>
		<supports>
			<mime-type>text/html</mime-type>
		</supports>
		<resource-bundle>com.liferay.portlet.StrutsResourceBundle</resource-bundle>
	</portlet>
	<portlet>
		<portlet-name>164</portlet-name>
		<display-name>Fast Login</display-name>
		<portlet-class>com.liferay.portlet.StrutsPortlet</portlet-class>
		<init-param>
			<name>config-template</name>
			<value>/html/portlet/login/configuration.jsp</value>
		</init-param>
		<init-param>
			<name>template-path</name>
			<value>/html/portlet/login/</value>
		</init-param>
		<init-param>
			<name>view-action</name>
			<value>/login/login</value>
		</init-param>
		<expiration-cache>0</expiration-cache>
		<supports>
			<mime-type>text/html</mime-type>
		</supports>
		<resource-bundle>com.liferay.portlet.StrutsResourceBundle</resource-bundle>
		<security-role-ref>
			<role-name>guest</role-name>
		</security-role-ref>
		<security-role-ref>
			<role-name>power-user</role-name>
		</security-role-ref>
		<security-role-ref>
			<role-name>user</role-name>
		</security-role-ref>
	</portlet>
	<portlet>
		<portlet-name>165</portlet-name>
		<display-name>Site Settings</display-name>
		<portlet-class>com.liferay.portlet.StrutsPortlet</portlet-class>
		<init-param>
			<name>template-path</name>
			<value>/html/portlet/sites_admin/</value>
		</init-param>
		<init-param>
			<name>view-action</name>
			<value>/sites_admin/edit_site</value>
		</init-param>
		<expiration-cache>0</expiration-cache>
		<supports>
			<mime-type>text/html</mime-type>
		</supports>
		<resource-bundle>com.liferay.portlet.StrutsResourceBundle</resource-bundle>
	</portlet>
	<portlet>
		<portlet-name>166</portlet-name>
		<display-name>Dynamic Data Mapping</display-name>
		<portlet-class>com.liferay.portlet.StrutsPortlet</portlet-class>
		<init-param>
			<name>template-path</name>
			<value>/html/portlet/dynamic_data_mapping/</value>
		</init-param>
		<init-param>
			<name>view-action</name>
			<value>/dynamic_data_mapping/view</value>
		</init-param>
		<expiration-cache>0</expiration-cache>
		<supports>
			<mime-type>text/html</mime-type>
		</supports>
		<resource-bundle>com.liferay.portlet.StrutsResourceBundle</resource-bundle>
		<security-role-ref>
			<role-name>power-user</role-name>
		</security-role-ref>
		<security-role-ref>
			<role-name>user</role-name>
		</security-role-ref>
	</portlet>
	<portlet>
		<portlet-name>167</portlet-name>
		<display-name>Dynamic Data Lists</display-name>
		<portlet-class>com.liferay.portlet.StrutsPortlet</portlet-class>
		<init-param>
			<name>ddm-resource</name>
			<value>com.liferay.portlet.dynamicdatalists</value>
		</init-param>
		<init-param>
			<name>template-path</name>
			<value>/html/portlet/dynamic_data_lists/</value>
		</init-param>
		<init-param>
			<name>view-action</name>
			<value>/dynamic_data_lists/view</value>
		</init-param>
		<expiration-cache>0</expiration-cache>
		<supports>
			<mime-type>text/html</mime-type>
		</supports>
		<resource-bundle>com.liferay.portlet.StrutsResourceBundle</resource-bundle>
		<security-role-ref>
			<role-name>power-user</role-name>
		</security-role-ref>
		<security-role-ref>
			<role-name>user</role-name>
		</security-role-ref>
	</portlet>
	<portlet>
		<portlet-name>169</portlet-name>
		<display-name>Dynamic Data List Display</display-name>
		<portlet-class>com.liferay.portlet.StrutsPortlet</portlet-class>
		<init-param>
			<name>config-template</name>
			<value>/html/portlet/dynamic_data_list_display/configuration.jsp</value>
		</init-param>
		<init-param>
			<name>ddm-resource</name>
			<value>com.liferay.portlet.dynamicdatalists</value>
		</init-param>
		<init-param>
			<name>template-path</name>
			<value>/html/portlet/dynamic_data_list_display/</value>
		</init-param>
		<init-param>
			<name>view-action</name>
			<value>/dynamic_data_list_display/view</value>
		</init-param>
		<expiration-cache>0</expiration-cache>
		<supports>
			<mime-type>text/html</mime-type>
		</supports>
		<resource-bundle>com.liferay.portlet.StrutsResourceBundle</resource-bundle>
		<security-role-ref>
			<role-name>power-user</role-name>
		</security-role-ref>
		<security-role-ref>
			<role-name>user</role-name>
		</security-role-ref>
	</portlet>
	<portlet>
		<portlet-name>170</portlet-name>
		<display-name>Staging Bar</display-name>
		<portlet-class>com.liferay.portlet.StrutsPortlet</portlet-class>
		<init-param>
			<name>template-path</name>
			<value>/html/portlet/staging_bar/</value>
		</init-param>
		<init-param>
			<name>view-action</name>
			<value>/staging_bar/view</value>
		</init-param>
		<expiration-cache>0</expiration-cache>
		<supports>
			<mime-type>text/html</mime-type>
		</supports>
		<resource-bundle>com.liferay.portlet.StrutsResourceBundle</resource-bundle>
		<security-role-ref>
			<role-name>power-user</role-name>
		</security-role-ref>
		<security-role-ref>
			<role-name>user</role-name>
		</security-role-ref>
	</portlet>
	<portlet>
		<portlet-name>172</portlet-name>
		<display-name>Asset Browser</display-name>
		<portlet-class>com.liferay.portlet.StrutsPortlet</portlet-class>
		<init-param>
			<name>template-path</name>
			<value>/html/portlet/asset_browser/</value>
		</init-param>
		<init-param>
			<name>view-action</name>
			<value>/asset_browser/view</value>
		</init-param>
		<expiration-cache>0</expiration-cache>
		<supports>
			<mime-type>text/html</mime-type>
		</supports>
		<resource-bundle>com.liferay.portlet.StrutsResourceBundle</resource-bundle>
		<security-role-ref>
			<role-name>guest</role-name>
		</security-role-ref>
		<security-role-ref>
			<role-name>power-user</role-name>
		</security-role-ref>
		<security-role-ref>
			<role-name>user</role-name>
		</security-role-ref>
	</portlet>
	<portlet>
		<portlet-name>173</portlet-name>
		<display-name>Summary</display-name>
		<portlet-class>com.liferay.portlet.StrutsPortlet</portlet-class>
		<init-param>
			<name>config-template</name>
			<value>/html/portlet/asset_publisher/configuration.jsp</value>
		</init-param>
		<init-param>
			<name>template-path</name>
			<value>/html/portlet/asset_publisher/</value>
		</init-param>
		<init-param>
			<name>view-action</name>
			<value>/asset_publisher/view</value>
		</init-param>
		<expiration-cache>0</expiration-cache>
		<supports>
			<mime-type>text/html</mime-type>
		</supports>
		<resource-bundle>com.liferay.portlet.StrutsResourceBundle</resource-bundle>
		<portlet-preferences>
			<preference>
				<name>assetVocabularyId</name>
				<value>-1</value>
			</preference>
			<preference>
				<name>delta</name>
				<value>5</value>
			</preference>
			<preference>
				<name>displayStyle</name>
				<value>title-list</value>
			</preference>
		</portlet-preferences>
		<security-role-ref>
			<role-name>guest</role-name>
		</security-role-ref>
		<security-role-ref>
			<role-name>power-user</role-name>
		</security-role-ref>
		<security-role-ref>
			<role-name>user</role-name>
		</security-role-ref>
		<supported-public-render-parameter>categoryId</supported-public-render-parameter>
		<supported-public-render-parameter>resetCur</supported-public-render-parameter>
		<supported-public-render-parameter>tag</supported-public-render-parameter>
	</portlet>
	<portlet>
		<portlet-name>174</portlet-name>
		<display-name>Site Memberships Admin</display-name>
		<portlet-class>com.liferay.portlet.StrutsPortlet</portlet-class>
		<init-param>
			<name>template-path</name>
			<value>/html/portlet/site_admin/</value>
		</init-param>
		<init-param>
			<name>view-action</name>
			<value>/site_admin/edit_site_assignments</value>
		</init-param>
		<expiration-cache>0</expiration-cache>
		<supports>
			<mime-type>text/html</mime-type>
		</supports>
		<resource-bundle>com.liferay.portlet.StrutsResourceBundle</resource-bundle>
		<security-role-ref>
			<role-name>administrator</role-name>
		</security-role-ref>
	</portlet>
	<portlet>
		<portlet-name>175</portlet-name>
		<display-name>Related Assets</display-name>
		<portlet-class>com.liferay.portlet.StrutsPortlet</portlet-class>
		<init-param>
			<name>config-template</name>
			<value>/html/portlet/asset_publisher/configuration.jsp</value>
		</init-param>
		<init-param>
			<name>template-path</name>
			<value>/html/portlet/asset_publisher/</value>
		</init-param>
		<init-param>
			<name>view-action</name>
			<value>/asset_publisher/view</value>
		</init-param>
		<expiration-cache>0</expiration-cache>
		<supports>
			<mime-type>text/html</mime-type>
		</supports>
		<resource-bundle>com.liferay.portlet.StrutsResourceBundle</resource-bundle>
		<portlet-preferences>
			<preference>
				<name>assetLinkBehavior</name>
				<value>viewInPortlet</value>
			</preference>
			<preference>
				<name>displayStyle</name>
				<value>title-list</value>
			</preference>
		</portlet-preferences>
		<security-role-ref>
			<role-name>guest</role-name>
		</security-role-ref>
		<security-role-ref>
			<role-name>power-user</role-name>
		</security-role-ref>
		<security-role-ref>
			<role-name>user</role-name>
		</security-role-ref>
		<supported-public-render-parameter>categoryId</supported-public-render-parameter>
		<supported-public-render-parameter>resetCur</supported-public-render-parameter>
		<supported-public-render-parameter>tag</supported-public-render-parameter>
	</portlet>
	<portlet>
		<portlet-name>176</portlet-name>
		<display-name>License Manager</display-name>
		<portlet-class>com.liferay.util.bridges.mvc.MVCPortlet</portlet-class>
		<init-param>
			<name>template-path</name>
			<value>/html/portlet/license_manager/</value>
		</init-param>
		<init-param>
			<name>view-template</name>
			<value>/html/portlet/license_manager/view.jsp</value>
		</init-param>
		<expiration-cache>0</expiration-cache>
		<supports>
			<mime-type>text/html</mime-type>
		</supports>
		<resource-bundle>com.liferay.portlet.StrutsResourceBundle</resource-bundle>
		<security-role-ref>
			<role-name>administrator</role-name>
		</security-role-ref>
	</portlet>
	<portlet>
		<portlet-name>177</portlet-name>
		<display-name>Mobile Device Rules</display-name>
		<portlet-class>com.liferay.portlet.StrutsPortlet</portlet-class>
		<init-param>
			<name>template-path</name>
			<value>/html/portlet/mobile_device_rules/</value>
		</init-param>
		<init-param>
			<name>view-action</name>
			<value>/mobile_device_rules/view</value>
		</init-param>
		<expiration-cache>0</expiration-cache>
		<supports>
			<mime-type>text/html</mime-type>
		</supports>
		<resource-bundle>com.liferay.portlet.StrutsResourceBundle</resource-bundle>
		<security-role-ref>
			<role-name>power-user</role-name>
		</security-role-ref>
		<security-role-ref>
			<role-name>user</role-name>
		</security-role-ref>
	</portlet>
	<portlet>
		<portlet-name>178</portlet-name>
		<display-name>Mobile Device Rules</display-name>
		<portlet-class>com.liferay.portlet.StrutsPortlet</portlet-class>
		<init-param>
			<name>template-path</name>
			<value>/html/portlet/mobile_device_rules/</value>
		</init-param>
		<init-param>
			<name>view-action</name>
			<value>/mobile_device_rules/view</value>
		</init-param>
		<expiration-cache>0</expiration-cache>
		<supports>
			<mime-type>text/html</mime-type>
		</supports>
		<resource-bundle>com.liferay.portlet.StrutsResourceBundle</resource-bundle>
		<security-role-ref>
			<role-name>power-user</role-name>
		</security-role-ref>
		<security-role-ref>
			<role-name>user</role-name>
		</security-role-ref>
	</portlet>
	<custom-portlet-mode>
		<portlet-mode>edit_guest</portlet-mode>
		<portal-managed>true</portal-managed>
	</custom-portlet-mode>
	<custom-window-state>
		<window-state>exclusive</window-state>
	</custom-window-state>
	<custom-window-state>
		<window-state>pop_up</window-state>
	</custom-window-state>
	<user-attribute>
		<name>user.bdate</name>
	</user-attribute>
	<user-attribute>
		<name>user.gender</name>
	</user-attribute>
	<user-attribute>
		<name>user.employer</name>
	</user-attribute>
	<user-attribute>
		<name>user.department</name>
	</user-attribute>
	<user-attribute>
		<name>user.jobtitle</name>
	</user-attribute>
	<user-attribute>
		<name>user.name.prefix</name>
	</user-attribute>
	<user-attribute>
		<name>user.name.given</name>
	</user-attribute>
	<user-attribute>
		<name>user.name.family</name>
	</user-attribute>
	<user-attribute>
		<name>user.name.middle</name>
	</user-attribute>
	<user-attribute>
		<name>user.name.suffix</name>
	</user-attribute>
	<user-attribute>
		<name>user.name.nickName</name>
	</user-attribute>
	<user-attribute>
		<name>user.home-info.postal.name</name>
	</user-attribute>
	<user-attribute>
		<name>user.home-info.postal.street</name>
	</user-attribute>
	<user-attribute>
		<name>user.home-info.postal.city</name>
	</user-attribute>
	<user-attribute>
		<name>user.home-info.postal.stateprov</name>
	</user-attribute>
	<user-attribute>
		<name>user.home-info.postal.postalcode</name>
	</user-attribute>
	<user-attribute>
		<name>user.home-info.postal.country</name>
	</user-attribute>
	<user-attribute>
		<name>user.home-info.postal.organization</name>
	</user-attribute>
	<user-attribute>
		<name>user.home-info.telecom.telephone.intcode</name>
	</user-attribute>
	<user-attribute>
		<name>user.home-info.telecom.telephone.loccode</name>
	</user-attribute>
	<user-attribute>
		<name>user.home-info.telecom.telephone.number</name>
	</user-attribute>
	<user-attribute>
		<name>user.home-info.telecom.telephone.ext</name>
	</user-attribute>
	<user-attribute>
		<name>user.home-info.telecom.telephone.comment</name>
	</user-attribute>
	<user-attribute>
		<name>user.home-info.telecom.fax.intcode</name>
	</user-attribute>
	<user-attribute>
		<name>user.home-info.telecom.fax.loccode</name>
	</user-attribute>
	<user-attribute>
		<name>user.home-info.telecom.fax.number</name>
	</user-attribute>
	<user-attribute>
		<name>user.home-info.telecom.fax.ext</name>
	</user-attribute>
	<user-attribute>
		<name>user.home-info.telecom.fax.comment</name>
	</user-attribute>
	<user-attribute>
		<name>user.home-info.telecom.mobile.intcode</name>
	</user-attribute>
	<user-attribute>
		<name>user.home-info.telecom.mobile.loccode</name>
	</user-attribute>
	<user-attribute>
		<name>user.home-info.telecom.mobile.number</name>
	</user-attribute>
	<user-attribute>
		<name>user.home-info.telecom.mobile.ext</name>
	</user-attribute>
	<user-attribute>
		<name>user.home-info.telecom.mobile.comment</name>
	</user-attribute>
	<user-attribute>
		<name>user.home-info.telecom.pager.intcode</name>
	</user-attribute>
	<user-attribute>
		<name>user.home-info.telecom.pager.loccode</name>
	</user-attribute>
	<user-attribute>
		<name>user.home-info.telecom.pager.number</name>
	</user-attribute>
	<user-attribute>
		<name>user.home-info.telecom.pager.ext</name>
	</user-attribute>
	<user-attribute>
		<name>user.home-info.telecom.pager.comment</name>
	</user-attribute>
	<user-attribute>
		<name>user.home-info.online.email</name>
	</user-attribute>
	<user-attribute>
		<name>user.home-info.online.uri</name>
	</user-attribute>
	<user-attribute>
		<name>user.business-info.postal.name</name>
	</user-attribute>
	<user-attribute>
		<name>user.business-info.postal.street</name>
	</user-attribute>
	<user-attribute>
		<name>user.business-info.postal.city</name>
	</user-attribute>
	<user-attribute>
		<name>user.business-info.postal.stateprov</name>
	</user-attribute>
	<user-attribute>
		<name>user.business-info.postal.postalcode</name>
	</user-attribute>
	<user-attribute>
		<name>user.business-info.postal.country</name>
	</user-attribute>
	<user-attribute>
		<name>user.business-info.postal.organization</name>
	</user-attribute>
	<user-attribute>
		<name>user.business-info.telecom.telephone.intcode</name>
	</user-attribute>
	<user-attribute>
		<name>user.business-info.telecom.telephone.loccode</name>
	</user-attribute>
	<user-attribute>
		<name>user.business-info.telecom.telephone.number</name>
	</user-attribute>
	<user-attribute>
		<name>user.business-info.telecom.telephone.ext</name>
	</user-attribute>
	<user-attribute>
		<name>user.business-info.telecom.telephone.comment</name>
	</user-attribute>
	<user-attribute>
		<name>user.business-info.telecom.fax.intcode</name>
	</user-attribute>
	<user-attribute>
		<name>user.business-info.telecom.fax.loccode</name>
	</user-attribute>
	<user-attribute>
		<name>user.business-info.telecom.fax.number</name>
	</user-attribute>
	<user-attribute>
		<name>user.business-info.telecom.fax.ext</name>
	</user-attribute>
	<user-attribute>
		<name>user.business-info.telecom.fax.comment</name>
	</user-attribute>
	<user-attribute>
		<name>user.business-info.telecom.mobile.intcode</name>
	</user-attribute>
	<user-attribute>
		<name>user.business-info.telecom.mobile.loccode</name>
	</user-attribute>
	<user-attribute>
		<name>user.business-info.telecom.mobile.number</name>
	</user-attribute>
	<user-attribute>
		<name>user.business-info.telecom.mobile.ext</name>
	</user-attribute>
	<user-attribute>
		<name>user.business-info.telecom.mobile.comment</name>
	</user-attribute>
	<user-attribute>
		<name>user.business-info.telecom.pager.intcode</name>
	</user-attribute>
	<user-attribute>
		<name>user.business-info.telecom.pager.loccode</name>
	</user-attribute>
	<user-attribute>
		<name>user.business-info.telecom.pager.number</name>
	</user-attribute>
	<user-attribute>
		<name>user.business-info.telecom.pager.ext</name>
	</user-attribute>
	<user-attribute>
		<name>user.business-info.telecom.pager.comment</name>
	</user-attribute>
	<user-attribute>
		<name>user.business-info.online.email</name>
	</user-attribute>
	<user-attribute>
		<name>user.business-info.online.uri</name>
	</user-attribute>
	<public-render-parameter>
		<identifier>categoryId</identifier>
		<qname xmlns:x="http://www.liferay.com/public-render-parameters">x:categoryId</qname>
	</public-render-parameter>
	<public-render-parameter>
		<identifier>resetCur</identifier>
		<qname xmlns:w="http://www.liferay.com/public-render-parameters">w:resetCur</qname>
	</public-render-parameter>
	<public-render-parameter>
		<identifier>tag</identifier>
		<qname xmlns:x="http://www.liferay.com/public-render-parameters">x:tag</qname>
	</public-render-parameter>
	<container-runtime-option>
		<name>javax.portlet.escapeXml</name>
		<value>false</value>
	</container-runtime-option>
</portlet-app>