<?xml version="1.0"?>

<custom-sql>
	<sql file="custom-sql/portal.xml" />
	<sql file="custom-sql/announcements.xml" />
	<sql file="custom-sql/asset.xml" />
	<sql file="custom-sql/blogs.xml" />
	<sql file="custom-sql/bookmarks.xml" />
	<sql file="custom-sql/calendar.xml" />
	<sql file="custom-sql/documentlibrary.xml" />
	<sql file="custom-sql/dynamicdatalists.xml" />
	<sql file="custom-sql/dynamicdatamapping.xml" />
	<sql file="custom-sql/expando.xml" />
	<sql file="custom-sql/journal.xml" />
	<sql file="custom-sql/messageboards.xml" />
    <sql file="custom-sql/mobiledevicerules.xml" />
	<sql file="custom-sql/polls.xml" />
	<sql file="custom-sql/ratings.xml" />
	<sql file="custom-sql/shopping.xml" />
	<sql file="custom-sql/social.xml" />
	<sql file="custom-sql/wiki.xml" />
	<sql file="custom-sql/asset_publisher_related_asset.xml" />
</custom-sql>