<?xml version="1.0"?>
<!DOCTYPE routes PUBLIC "-//Liferay//DTD Friendly URL Routes 6.1.0//EN" "http://www.liferay.com/dtd/liferay-friendly-url-routes_6_1_0.dtd">

<!-- SourceFormatter.Ignore -->

<routes>
	<route>
		<pattern>/rss</pattern>
		<implicit-parameter name="p_p_lifecycle">2</implicit-parameter>
		<implicit-parameter name="struts_action">/asset_publisher/rss</implicit-parameter>
	</route>
	<route>
		<pattern>/{type}/{urlTitle:(?!id)[^/]+}/{groupId:\d+}</pattern>
		<ignored-parameter name="assetEntryId" />
		<implicit-parameter name="p_p_state">normal</implicit-parameter>
		<implicit-parameter name="struts_action">/asset_publisher/view_content</implicit-parameter>
	</route>
	<route>
		<pattern>/{type}/{urlTitle:(?!id)[^/]+}</pattern>
		<ignored-parameter name="assetEntryId" />
		<implicit-parameter name="p_p_state">normal</implicit-parameter>
		<implicit-parameter name="struts_action">/asset_publisher/view_content</implicit-parameter>
	</route>
	<route>
		<pattern>/{type}/id/{assetEntryId:\d+}</pattern>
		<implicit-parameter name="p_p_state">normal</implicit-parameter>
		<implicit-parameter name="struts_action">/asset_publisher/view_content</implicit-parameter>
	</route>
	<route>
		<pattern>/{type}/{urlTitle:(?!id)[^/]+}/{groupId:\d+}/{p_p_state}</pattern>
		<ignored-parameter name="assetEntryId" />
		<implicit-parameter name="struts_action">/asset_publisher/view_content</implicit-parameter>
	</route>
	<route>
		<pattern>/{type}/{urlTitle:(?!id)[^/]+}/{p_p_state}</pattern>
		<ignored-parameter name="assetEntryId" />
		<implicit-parameter name="struts_action">/asset_publisher/view_content</implicit-parameter>
	</route>
	<route>
		<pattern>/{type}/id/{assetEntryId:\d+}/{p_p_state}</pattern>
		<implicit-parameter name="struts_action">/asset_publisher/view_content</implicit-parameter>
	</route>
</routes>